-- phpMyAdmin SQL Dump
-- version 5.2.1
-- https://www.phpmyadmin.net/
--
-- Máy chủ: 127.0.0.1
-- Thời gian đã tạo: Th12 29, 2023 lúc 02:51 PM
-- Phiên bản máy phục vụ: 10.4.28-MariaDB
-- Phiên bản PHP: 8.2.4

SET SQL_MODE = "NO_AUTO_VALUE_ON_ZERO";
START TRANSACTION;
SET time_zone = "+00:00";


/*!40101 SET @OLD_CHARACTER_SET_CLIENT=@@CHARACTER_SET_CLIENT */;
/*!40101 SET @OLD_CHARACTER_SET_RESULTS=@@CHARACTER_SET_RESULTS */;
/*!40101 SET @OLD_COLLATION_CONNECTION=@@COLLATION_CONNECTION */;
/*!40101 SET NAMES utf8mb4 */;

--
-- Cơ sở dữ liệu: `nguyenthitrami-2210900041-project1`
--

-- --------------------------------------------------------

--
-- Cấu trúc bảng cho bảng `tbl_admin`
--

CREATE TABLE `tbl_admin` (
  `id_admin` int(11) NOT NULL,
  `username` varchar(100) NOT NULL,
  `password_admin` varchar(100) NOT NULL,
  `admin_status` int(11) NOT NULL
) ENGINE=InnoDB DEFAULT CHARSET=utf8 COLLATE=utf8_general_ci;

--
-- Đang đổ dữ liệu cho bảng `tbl_admin`
--

INSERT INTO `tbl_admin` (`id_admin`, `username`, `password_admin`, `admin_status`) VALUES
(1, 'miadmin@gmail.com', 'e10adc3949ba59abbe56e057f20f883e', 0);

-- --------------------------------------------------------

--
-- Cấu trúc bảng cho bảng `tbl_cart`
--

CREATE TABLE `tbl_cart` (
  `id_cart` int(11) NOT NULL,
  `id_khachhang` int(11) NOT NULL,
  `code_cart` varchar(10) NOT NULL,
  `cart_status` int(11) NOT NULL
) ENGINE=InnoDB DEFAULT CHARSET=utf8 COLLATE=utf8_general_ci;

--
-- Đang đổ dữ liệu cho bảng `tbl_cart`
--

INSERT INTO `tbl_cart` (`id_cart`, `id_khachhang`, `code_cart`, `cart_status`) VALUES
(9, 0, '9818', 1),
(11, 0, '934', 1),
(12, 0, '3669', 1);

-- --------------------------------------------------------

--
-- Cấu trúc bảng cho bảng `tbl_cart_details`
--

CREATE TABLE `tbl_cart_details` (
  `id_cart_details` int(11) NOT NULL,
  `code_cart` varchar(10) NOT NULL,
  `id_sanpham` int(11) NOT NULL,
  `soluong_sanpham` int(11) NOT NULL
) ENGINE=InnoDB DEFAULT CHARSET=utf8 COLLATE=utf8_general_ci;

--
-- Đang đổ dữ liệu cho bảng `tbl_cart_details`
--

INSERT INTO `tbl_cart_details` (`id_cart_details`, `code_cart`, `id_sanpham`, `soluong_sanpham`) VALUES
(6, '9818', 40, 2),
(7, '9818', 4, 1),
(8, '9818', 16, 1),
(9, '9818', 15, 2),
(10, '934', 3, 1),
(11, '934', 33, 1),
(12, '3669', 15, 1),
(13, '3669', 5, 1);

-- --------------------------------------------------------

--
-- Cấu trúc bảng cho bảng `tbl_dangky`
--

CREATE TABLE `tbl_dangky` (
  `id_khachhang` int(11) NOT NULL,
  `tenkhachhang` varchar(100) NOT NULL,
  `dienthoai` varchar(20) NOT NULL,
  `diachi` varchar(200) NOT NULL,
  `email` varchar(200) NOT NULL,
  `matkhau` varchar(200) NOT NULL,
  `gioitinh` tinyint(4) NOT NULL,
  `ngaysinh` date NOT NULL
) ENGINE=InnoDB DEFAULT CHARSET=utf8 COLLATE=utf8_general_ci;

--
-- Đang đổ dữ liệu cho bảng `tbl_dangky`
--

INSERT INTO `tbl_dangky` (`id_khachhang`, `tenkhachhang`, `dienthoai`, `diachi`, `email`, `matkhau`, `gioitinh`, `ngaysinh`) VALUES
(12, 'Hàng Quý Minh ', '0934566678', 'Cổ Nhuế, Bắc Từ Liêm, Hà Nội', 'quyminh@gmail.com', '310dcbbf4cce62f762a2aaa148d556bd', 1, '2023-11-27'),
(15, 'Trà Mi', '0963455234', 'Hà Đông', 'traminguyen0304@gmail.com', 'e10adc3949ba59abbe56e057f20f883e', 0, '2023-12-04'),
(19, 'Trương Minh Hoàng', '0955342621', 'Cầu Giấy, Hà Nội', 'hoang56@gmail.com', '46d045ff5190f6ea93739da6c0aa19bc', 0, '2023-12-04'),
(20, 'Trương Minh Hoàng', '0955342621', 'Cầu Giấy, Hà Nội', 'hoang56@gmail.com', '46d045ff5190f6ea93739da6c0aa19bc', 0, '2023-12-04');

-- --------------------------------------------------------

--
-- Cấu trúc bảng cho bảng `tbl_danhmuc`
--

CREATE TABLE `tbl_danhmuc` (
  `id_danhmuc` int(11) NOT NULL,
  `ten_danhmuc` varchar(100) NOT NULL,
  `thutu_danhmuc` int(11) NOT NULL
) ENGINE=InnoDB DEFAULT CHARSET=utf8 COLLATE=utf8_general_ci;

--
-- Đang đổ dữ liệu cho bảng `tbl_danhmuc`
--

INSERT INTO `tbl_danhmuc` (`id_danhmuc`, `ten_danhmuc`, `thutu_danhmuc`) VALUES
(2, 'Sách trong nước ', 2),
(3, 'Sách khoa học - lịch sử', 3),
(4, 'Đồ chơi', 4),
(5, 'Quà lưu niệm ', 5),
(6, 'Sách thiếu nhi ', 6),
(7, 'Sách tâm lý kỹ năng ', 7);

-- --------------------------------------------------------

--
-- Cấu trúc bảng cho bảng `tbl_sanpham`
--

CREATE TABLE `tbl_sanpham` (
  `id_sanpham` int(11) NOT NULL,
  `ma_sanpham` varchar(250) NOT NULL,
  `ten_sanpham` varchar(250) NOT NULL,
  `gia_sanpham` int(11) NOT NULL,
  `soluong_sanpham` int(11) NOT NULL,
  `noidung_sanpham` text NOT NULL,
  `anh_sanpham` varchar(200) NOT NULL,
  `id_danhmuc` int(11) NOT NULL,
  `tinhtrang_sanpham` tinyint(4) NOT NULL
) ENGINE=InnoDB DEFAULT CHARSET=utf8 COLLATE=utf8_general_ci;

--
-- Đang đổ dữ liệu cho bảng `tbl_sanpham`
--

INSERT INTO `tbl_sanpham` (`id_sanpham`, `ma_sanpham`, `ten_sanpham`, `gia_sanpham`, `soluong_sanpham`, `noidung_sanpham`, `anh_sanpham`, `id_danhmuc`, `tinhtrang_sanpham`) VALUES
(1, '0001', 'Cây Cam ngọt của tôi ', 108000, 0, '                                                                                                                                                                        “Vị chua chát của cái nghèo hòa trộn với vị ngọt ngào khi khám phá ra những điều khiến cuộc đời này đáng sống... một tác phẩm kinh điển của Brazil.” - Booklist\r\n\r\n“Một cách nhìn cuộc sống gần như hoàn chỉnh từ con mắt trẻ thơ… có sức mạnh sưởi ấm và làm tan nát cõi lòng, dù người đọc ở lứa tuổi nào.” - The National\r\n\r\nHãy làm quen với Zezé, cậu bé tinh nghịch siêu hạng đồng thời cũng đáng yêu bậc nhất, với ước mơ lớn lên trở thành nhà thơ cổ thắt nơ bướm. Chẳng phải ai cũng công nhận khoản “đáng yêu” kia đâu nhé. Bởi vì, ở cái xóm ngoại ô nghèo ấy, nỗi khắc khổ bủa vây đã che mờ mắt người ta trước trái tim thiện lương cùng trí tưởng tượng tuyệt vời của cậu bé con năm tuổi.\r\n\r\nCó hề gì đâu bao nhiêu là hắt hủi, đánh mắng, vì Zezé đã có một người bạn đặc biệt để trút nỗi lòng: cây cam ngọt nơi vườn sau. Và cả một người bạn nữa, bằng xương bằng thịt, một ngày kia xuất hiện, cho cậu bé nhạy cảm khôn sớm biết thế nào là trìu mến, thế nào là nỗi đau, và mãi mãi thay đổi cuộc đời cậu.\r\n\r\nMở đầu bằng những thanh âm trong sáng và kết thúc lắng lại trong những nốt trầm hoài niệm, Cây cam ngọt của tôi khiến ta nhận ra vẻ đẹp thực sự của cuộc sống đến từ những điều giản dị như bông hoa trắng của cái cây sau nhà, và rằng cuộc đời thật khốn khổ nếu thiếu đi lòng yêu thương và niềm trắc ẩn. Cuốn sách kinh điển này bởi thế không ngừng khiến trái tim người đọc khắp thế giới thổn thức, kể từ khi ra mắt lần đầu năm 1968 tại Brazil.\r\n\r\nTÁC GIẢ:\r\n\r\nJOSÉ MAURO DE VASCONCELOS (1920-1984) là nhà văn người Brazil. Sinh ra trong một gia đình nghèo ở ngoại ô Rio de Janeiro, lớn lên ông phải làm đủ nghề để kiếm sống. Nhưng với tài kể chuyện thiên bẩm, trí nhớ phi thường, trí tưởng tượng tuyệt vời cùng vốn sống phong phú, José cảm thấy trong mình thôi thúc phải trở thành nhà văn nên đã bắt đầu sáng tác năm 22 tuổi. Tác phẩm nổi tiếng nhất của ông là tiểu thuyết mang màu sắc tự truyện Cây cam ngọt của tôi. Cuốn sách được đưa vào chương trình tiểu học của Brazil, được bán bản quyền cho hai mươi quốc gia và chuyển thể thành phim điện ảnh. Ngoài ra, José còn rất thành công trong vai trò diễn viên điện ảnh và biên kịch.\r\n\r\n', 'câyc cam ngọt của tôi.jpg', 2, 1),
(3, '0002', 'Tiểu Sử Các Quốc Gia Qua Góc Nhìn Lầy Lội', 150500, 0, '                            Iceland dân số ít ỏi mà dám đọ sức với Anh? Na Uy in hình con cá ướp muối lên tờ tiền? Anh có thật là đế quốc mặt trời không bao giờ lặn? Đan Mạch là vương quốc mộng ảo còn Hà Lan là đất nước của tự do thực sự? Bỉ từng được giải cứu nhờ bãi nước tiểu của một cậu bé? Thụy Sĩ siêu giàu có nhờ trung lập, Ý chỉ quan tâm tận hưởng cuộc sống? Ai Cập thích xây kim tự tháp, Nam Phi nằm ở châu Phi nhưng lại từng kỳ thị người da đen, Argentina mê bóng đá hơn kiếm tiền…?\r\n\r\nNhân cách hóa, bỏ qua những chi tiết rườm rà, sử dụng ngôn ngữ hài hước dí dỏm cô đọng lại con đường phát triển của các quốc gia, Sai Lei qua góc nhìn có phần “lầy lội” của mình sẽ đem đến cho bạn đọc cách tiếp cận lịch sử thế giới hết sức mới mẻ, gần gũi và dễ hiểu.\r\n\r\nTÁC GIẢ:\r\n\r\nSai Lei\r\nTác giả chuyên mục lịch sử “Sai Lei ba phút” trên Zhihu với hơn một trăm nghìn lượt theo dõi.\r\nTác phẩm tiêu biểu: Sai Lei ba phút - Truyện tranh sử Trung Quốc, Sai Lei ba phút - Truyện tranh lược sử nhân loại…\r\n\r\n', 'tieu su cac quoc gia qua goc nhin lay loi.jpg', 3, 1),
(4, '0003', 'Thỏ Bảy Màu Và Những Người Nghĩ Nó Là Bạn (Tái Bản 2023)', 84150, 0, '                                                        Thỏ Bảy Màu là fanpage sở hữu hơn 2,6tr lượt thích trên mạng xã hội. Với hình tượng nhân vật thú vị cùng phong cách sáng tạo độc đáo, Thỏ bảy màu vẫn luôn là thu hút được số lượng lớn người quan tâm thể hiện qua nhiều bài viết với hàng chục nghìn lượt like và share.\r\n\r\nThỏ Bảy Màu là một nhân vật hư cấu chẳng còn xa lạ gì với anh em dùng mạng xã hội với slogan “Nghe lời Thỏ, kiếp này coi như bỏ!”.\r\n\r\nThỏ Bảy Màu đơn giản chỉ là một con thỏ trắng với sự dở hơi, ngang ngược nhưng đáng yêu vô cùng tận. Nó luôn nghĩ rằng mình không có cuộc sống và không có bạn bè. Tuy nhiên, Thỏ lại chẳng bao giờ thấy cô đơn vì đến cô đơn cũng bỏ nó mà đi.\r\n\r\nCuốn sách là những mẩu chuyện nhỏ được ghi lại bằng tranh xoay quanh Thỏ Bảy Màu và những người nghĩ nó là bạn. Những mẩu chuyện được truyền tải rất “teen” đậm chất hài hước, châm biếm qua sự sáng tạo không kém phần “mặn mà” của tác giả càng trở nên độc đáo và thu hút.\r\n\r\nNếu một ngày bạn lỡ cảm thấy buồn thì hãy đọc cuốn sách này để biết thế nào là cười sảng nha!\r\n\r\n', 'Thỏ bảy màu.jpg', 6, 1),
(5, '0004', 'Tô Bình Yên Vẽ Hạnh Phúc (Tái Bản 2022)', 61600, 0, '                            Sau thành công của cuốn sách đầu tay “Phải lòng với cô đơn” chàng họa sĩ nổi tiếng và tài năng Kulzsc đã trở lại với một cuốn sách vô cùng đặc biệt mang tên: \"Tô bình yên - vẽ hạnh phúc” – sắc nét phong cách cá nhân với một chút “thơ thẩn, rất hiền”.\r\n\r\nKhông giống với những cuốn sách chỉ để đọc, “Tô bình yên – vẽ hạnh phúc” là một cuốn sách mà độc giả vừa tìm được “Hạnh phúc to to từ những điều nho nhỏ” vừa được thực hành ngay lập tức. Một sự kết hợp mới lạ đầy thú vị giữa thể loại sách tản văn và sách tô màu. Lật mở cuốn sách này, bạn sẽ thấy vô vàn những điều nhỏ bé dễ thương lan tòa nguồn năng lượng tích cực. Và kèm theo một list những điều tuyệt vời khiến bạn không thể bỏ lỡ:\r\n\r\n- Tận tình chỉ dẫn: 8 hướng dẫn tô màu đầy hứng thú từ Kulzsc\r\n\r\n- Tranh vẽ đơn giản, gần gũi. Nét vẽ đáng yêu, dễ thương\r\n\r\n- Chủ đề xoay quanh những điều bình yên trong cuộc sống: Đọc sách, đi dạo, dọn dẹp nhà cửa, trồng cây, ăn cơm mẹ nấu, nghe một bản nhạc hay, và nghĩ về nụ cười của một ai đó…\r\n\r\n- Mỗi bức tranh lại là những lời thủ thỉ, tâm tình của tác giả. Là những điều nhắn gửi nho nhỏ mong bạn bớt đi những xao động:\r\n\r\n“Em chọn hạnh phúc\r\n\r\nEm chọn bình yên\r\n\r\nEm chọn bên cạnh\r\n\r\nNhững điều an yên”\r\n\r\nHay đơn giản là những giãi bày ngắn gọn, thay nỗi lòng của một ai đó: \"Tớ biết cậu một mình vẫn ổn, nhưng có những chuyện, có ai đó cùng làm, vẫn hơn.\"\r\n\r\nThông qua những hình vẽ đang đợi được lấp đầy bằng muôn vàn sắc màu ấy, Kulzsc sẽ giúp bạn - những người lớn cô đơn, những ai đang cần bổ sung vitamin hạnh phúc “truy tìm” những niềm vui bị bỏ quên hay tuyệt chiêu để đối phó với stress.\r\n\r\nBởi tô màu là một hình thức chữa lành đơn giản mà hiệu quả, nên mỗi khi thấy bực dọc, chán nản, hay khiến mình bận rộn hơn hãy thử tìm tới “Tô bình yên - vẽ hạnh phúc” cùng hộp màu đã cất lâu trong tủ và... Sao không thể là một đám mây màu tím, một mái tóc vàng tươi hay một nụ hoa màu xanh biển nhỉ? Không cần phải đắn đo đâu, bạn cứ thoải mái xóa đi căng thẳng, xóa đi những gam màu u ám, tự tay mình điểm tô những màu sắc tươi sáng lấp lánh, đầy ắp hy vọng theo ý thích, tận hưởng những phút thư giãn thật bình yên không muộn phiền thôi nào.\r\n\r\n', 'to binh yen ve hanh phuc.jpg', 6, 1),
(6, '0005', 'Những Nỗi Buồn Cũng Cần Được Yêu Thương - Tô Bình Yên Vẽ Hạnh Phúc 2', 96600, 0, '                            Tiếp nối thành công của \"Tô bình yên vẽ hạnh phúc” với hơn 100.000 bản đã được bán ra và trở thành một trong những cuốn sách tô màu được yêu thích nhất tại Việt Nam cho tới nay, chàng họa sĩ nổi tiếng và tài năng Kulzsc đã trở lại với một cuốn sách vô cùng đặc biệt mang tên \"Những nỗi buồn cũng cần được yêu thương” – phần 2 của “Tô bình yên vẽ hạnh phúc”.\r\n\r\n“Hãy sống như những đứa trẻ\r\n\r\nTô vẽ cả những nỗi buồn\r\n\r\nCó nỗi buồn màu xanh như lá\r\n\r\nCó nỗi buồn lại rực rỡ sắc hoa.”\r\n\r\nSẽ có đôi lúc chúng ta ước mình được bé lại, nhìn đời bằng lăng kính trẻ thơ, để dù cho có những ngày vất vả thế nào, tới tối về cũng có thể chìm ngay vào giấc ngủ mà chẳng phải trằn trọc hằng đêm rồi thiếp đi trong nước mắt.\r\n\r\nĐến với “Những nỗi buồn cũng cần được yêu thương”, Kulzsc mong rằng tất cả chúng ta có thể “bình thường hóa” sự hiện diện của nỗi buồn. Cuộc đời không phải lúc nào cũng là những ngày vui, nhưng hãy tin rằng, mọi chuyện xảy ra trên đời này đều có lý do của nó. Tất cả những chuyện không vui ấy, những khó khăn và thử thách rồi cũng sẽ trôi qua. Hành trình chữa lành chỉ thực sự diễn ra khi chúng ta học yêu bản thân từ bên trong, không quên thương “những nỗi buồn” bên cạnh việc “yêu” những niềm vui.\r\n\r\n“Tô bình yên vẽ hạnh phúc 2” sẽ là người đồng hành cùng bạn “chữa lành” qua từng nét vẽ, là nơi cho bạn tự do sáng tạo nên những gam màu của cuộc đời, cũng sẽ có những gam màu của sự tươi sáng và cũng chẳng sao khi có chút điểm xuyết một màu xám nhẹ.\r\n\r\nHy vọng với 136 trang sách của “Những nỗi buồn cũng cần được yêu thương” bạn có thể học thêm cách yêu và thương những cảm xúc chân thật của bản thân. Mong rằng khoảng thời gian làm bạn với những chiếc bút màu xinh xắn, gửi gắm cảm xúc của mình qua từng bức vẽ, bạn sẽ trân trọng hơn những gì mình đang có, dù chỉ là những điều rất đỗi bình thường, nhỏ bé mà đôi khi cuộc sống yên ả đã vô tình khiến bạn quên mất đi rằng chúng thật đáng yêu biết nhường nào.\r\n\r\nCuộc sống có vô vàn lựa chọn, nhưng hãy lựa chọn Yêu Thương. Nếu nhìn đời bằng một trái tim đầy tình yêu thì bạn sẽ thấy vạn vật sao mà đẹp đẽ và diệu kỳ đến vậy. Sự hiện diện của cỏ cây, hoa lá, sự gắn kết giữa người với người, sự lao động và sinh sống, sự vận hành của xã hội... tất cả đều là dạng biểu thị của tình yêu <3\r\n', 'to binh yen 2.jpg', 6, 1),
(7, '0006', 'Boardgame Lớp Học Mật Ngữ - Khu Rừng Kim Cương', 419000, 0, '                            KHU RỪNG KIM CƯƠNG - TOP 1 Trò chơi gia đình bán chạy sau 1 tuần mở bán\r\n\r\n* Khu Rừng Kim Cương là bộ board game thứ 3 được chuyển thể từ bộ truyện tranh best seller Lớp Học Mật Ngữ và nằm trong chuỗi trò chơi gia đình best-seller từ Lớp Học Mật Ngữ cùng Cuộc Đua Sao Chổi và Siêu Thú Ngân Hà (theo số liệu báo cáo của FAHASA). \r\n\r\n* Với thông điệp “Cùng ươm hạt giống, gặt hái thành công”, thế giới các bạn nhỏ tuổi tween được khắc họa sinh động qua những thành phần thiết kế siêu đẹp, dễ thương và đặc sắc được sáng tạo từ chính nhóm tác giả B.R.O. \r\n\r\n* Trò chơi dành cho nhiều độ tuổi, từ các bạn nhỏ đến bố mẹ đều có cách chơi thú vị cho riêng mình. Thật tuyệt cho 1 món quà để cả gia đình sum vầy.\r\n\r\n* Không chỉ mang lại tiếng cười vui vẻ cho mọi thành viên, trò chơi còn mang đến cho người chơi câu chuyện ý nghĩa. Trong cuộc sống, chúng ta có thể kiên trì theo đuổi một mục tiêu lớn, hay chọn hoàn thành những nhiệm vụ nhỏ để “tích tiểu thành đại” và đạt được thành tựu mong muốn. Cách nào cũng sẽ đến đích nhưng quan trọng là cảm giác hạnh phúc khi được tự mình đưa ra quyết định.\r\n\r\nKhám phá trò chơi KHU RỪNG KIM CƯƠNG cùng mình ngay nhé!!!\r\n\r\nSinh nhật Xử Nữ năm nay, Sư Tử rủ cả lớp đi chơi Khu Rừng Kim Cương - trò chơi được yêu thích nhất ở công viên Ngân Hà. Chưa kịp vui vẻ, hạnh phúc vì “sống trong bể ngọc kim cương không bằng sống giữa tình thương” của bạn bè, Xử Nữ phát hiện ra trò chơi không đơn giản, ấm áp như mình nghĩ. Vốn là người khó tính, tỉ mỉ, khắt khe và không chấp nhận thua cuộc, Xử Nữ biến bữa tiệc sinh nhật trở thành 1 cuộc đấu trí kịch tính.\r\n\r\nVậy sinh nhật Xử Nữ đã diễn ra như thế nào? Các bạn sẽ làm thế nào khi vừa thu hoạch kim cương, vừa trồng cây, lại còn phải chống chọi với các “thế lực” đặc biệt để hoàn thành nhiệm vụ nhanh nhất? Còn chờ gì nữa mà không khám phá luôn nào:\r\n\r\nĐây là trò chơi mô phỏng trồng rừng khuyến khích trẻ em yêu lao động và suy nghĩ có kế hoạch. Được coi là trò chơi “Kết nối xuyên thế hệ\" vì con chơi được, ba mẹ cũng chơi được với sức hút khó cưỡng:\r\n\r\n- Rèn luyện “suy nghĩ có kế hoạch”\r\n\r\n- “Lật kèo” phút chót, đầy kịch tính\r\n\r\n- Tạo “thành tựu” cho riêng bạn\r\n\r\n- Vỡ oà với bất ngờ “may mắn”\r\n\r\nTHÀNH PHẦN gồm: \r\n\r\n- 1 bản đồ, 1 giỏ thành quả, 1 gấu mèo, 1 túi thần, 2 xúc xắc, 52 thẻ trò chơi, 4 kho kim cương, 80 kim cương tròn, 28 cây, 1 sách hướng dẫn chi tiết và hướng dẫn nhanh\r\n\r\nMỤC TIÊU CHIẾN THẮNG: Người trồng hết 7 cây của mình nhanh nhất sẽ giành chiến thắng. \r\n\r\nLÊN KẾ HOẠCH CHU TOÀN TRƯỚC KHI CHƠI NÀO:\r\n\r\n***Hệ chơi “càng đông càng vui\" từ 3-4 người\r\n\r\n- Bước 1: Mở bản đồ, phân loại 4 màu kim cương đặt bên cạnh, gọi là quỹ chung\r\n\r\n- Bước 2: Chia cho mỗi người 1 bộ 7 cây kim cương cùng màu\r\n\r\n- Bước 3: Tráo đều 2 chồng bài nhiệm vụ, chia cho mỗi người chơi 3 thẻ nhiệm vụ hằng ngày và 1 thẻ nhiệm vụ trọn đời. Nhớ giữ bí mật nhé!\r\n\r\n- Bước 4: Gieo 2 xúc xắc ai có điểm cao nhất thì đi trước\r\n\r\n- Bước 5: Lần lượt từng người chơi được trồng 1 cây miễn phí lên khu vực đất trồng cây theo thứ tự người đi sau sẽ được trồng cây trước. Sau đó lấy về một kim cương cùng màu với ô đất đã trồng.\r\n\r\n***Hệ chơi “đối kháng\" chỉ dành cho 2 người\r\n\r\nNếu như ván chơi có 2 người, trước khi người chơi trồng cây miễn phí, hãy sử dụng 1 bộ cây không chơi đặt trên bản đồ theo vị trí như hình (trong sách hướng dẫn luật chơi)\r\n\r\nBỎ TÚI “THẦN CHÚ”:\r\n\r\n1: Nhận nhiệm vụ\r\n\r\n- Kiểm tra và nhận đủ 3 thẻ nhiệm vụ hàng ngày trước khi bắt đầu chơi\r\n\r\n2: Thu thập kim cương\r\n\r\n- Tung xí ngầu, di chuyển Gấu Mèo và Giỏ thành để thu thập kim cương, Gấu mèo sẽ ăn trộm kim cương, còn Giỏ thành quả sẽ nhận về kim cương.\r\n\r\n3: Giao dịch \r\n\r\n- Dùng 1 viên kim cương để đổi 1 thẻ nhiệm vụ hàng ngày hoặc là đổi thẻ nhiệm vụ trọn đời nếu thấy khó quá không hoàn thành được :D\r\n\r\n- Đổi kim cương với người chơi khác ở các sạp bán kim cương\r\n\r\n4: Trồng cây: Trồng cây theo 1 trong 2 cách sau\r\n\r\n- Cách 1: Dùng 4 viên kim cương khác màu để trồng 1 cây\r\n\r\n- Cách 2: Dùng 5 điểm nhiệm vụ để trồng 1 cây\r\n\r\nNgoài ra thì có thể dùng 3 kim cương (màu bất kỳ) để chuyển vị trí cây của bạn.\r\n\r\nLưu ý: Đã trồng cây thì không chuyển cây được và ngược lại.\r\n\r\nQuá đơn giản và cuốn hút phải không nào! Rủ ngay bạn bè và bố mẹ chơi Khu Rừng Kim Cương để viết nên cái kết cho câu chuyện tình bạn cực kỳ hồi hộp và gay cấn này nhé!', 'khu rung kim cuong.PNG', 4, 1),
(9, '0007', ' Chưa Kịp Lớn Đã Trưởng Thành (Tái Bản 2023)', 55300, 0, '                            Chúng ta của hiện tại, đều chưa kịp lớn đã phải trưởng thành.\r\n\r\nLúc còn nhỏ có thể khóc cười tuỳ ý. Trưởng thành rồi mới biết hành động cũng cần nhìn sắc mặt người khác.\r\n\r\nLúc còn nhỏ có thể sống vô tư, vô lo. Trưởng thành rồi mới biết nếu chậm chân hơn người khác, chắc chắn sẽ bị đào thải bất cứ lúc nào.\r\n\r\nLúc còn nhỏ có thể khao khát, mơ mộng. Trưởng thành rồi mới biết thế giới ngoài kia thực sự rất tàn khốc.\r\n\r\nChúng ta đều giống nhau, lúc còn nhỏ đều khao khát trưởng thành. Trưởng thành rồi lại loay hoay học cách trở thành người lớn.\r\n\r\nNếu bạn đang trải qua giai đoạn lạc lõng và cô đơn như vậy, hãy để “Chưa kịp lớn đã phải trưởng thành” làm một người bạn ở bên, xoa dịu tổn thương và gửi tặng bạn đôi điều khích lệ. Mỗi trang sách đều là một lá thư nhắn nhủ bạn về sự đặc biệt của bản thân, về những nỗ lực hoàn thiện không ngừng nghỉ trong thế giới của người trưởng thành.\r\n\r\nCầm trên tay cuốn sách này, bạn sẽ hiểu rằng: quá trình trưởng thành nào cũng đều có kì vọng và nuối tiếc nhưng con người luôn phải học cách vượt qua mơ hồ, gạt đi mộng tưởng mà lớn lên.\r\n\r\nGấp lại “Chưa kịp lớn đã phải trưởng thành”, mong bạn trở thành phiên bản hoàn hảo nhất để kịp trải nghiệm và tận hưởng khoảnh khắc của tuổi trẻ. Mong bạn bản lĩnh bước đi, có được tương lai mà mình mong muốn, càng mong bạn có được cuộc đời bình thản an nhiên.\r\n\r\nVà phần còn lại của tuổi trẻ, mong bạn sẽ thực sự hạnh phúc.\r\n\r\n', 'chua kip lon da phai truong thanh.jpg', 2, 1),
(10, '0008', 'Không Diệt Không Sinh Đừng Sợ Hãi (Tái Bản 2022)', 73700, 0, '                            Nhiều người trong chúng ta tin rằng cuộc đời của ta bắt đầu từ lúc chào đời và kết thúc khi ta chết. Chúng ta tin rằng chúng ta tới từ cái Không, nên khi chết chúng ta cũng không còn lại gì hết. Và chúng ta lo lắng vì sẽ trở thành hư vô.\r\n\r\nBụt có cái hiểu rất khác về cuộc đời. Ngài hiểu rằng sống và chết chỉ là những ý niệm không có thực. Coi đó là sự thực, chính là nguyên do gây cho chúng ta khổ não. Bụt dạy không có sinh, không có diệt, không tới cũng không đi, không giống nhau cũng không khác nhau, không có cái ngã thường hằng cũng không có hư vô. Chúng ta thì coi là Có hết mọi thứ. Khi chúng ta hiểu rằng mình không bị hủy diệt thì chúng ta không còn lo sợ. Đó là sự giải thoát. Chúng ta có thể an hưởng và thưởng thức đời sống một cách mới mẻ.\r\n\r\nKhông diệt Không sinh Đừng sợ hãi là tựa sách được Thiền sư Thích Nhất Hạnh viết nên dựa trên kinh nghiệm của chính mình. Ở đó, Thầy Nhất Hạnh đã đưa ra một thay thế đáng ngạc nhiên cho hai triết lý trái ngược nhau về vĩnh cửu và hư không: “Tự muôn đời tôi vẫn tự do. Tử sinh chỉ là cửa ngõ ra vào, tử sinh là trò chơi cút bắt. Tôi chưa bao giờ từng sinh cũng chưa bao giờ từng diệt” và “Nỗi khổ lớn nhất của chúng ta là ý niệm về đến-đi, lui-tới.”\r\n\r\nĐược lặp đi lặp lại nhiều lần, Thầy khuyên chúng ta thực tập nhìn sâu để chúng ta hiểu được và tự mình nếm được sự tự do của con đường chính giữa, không bị kẹt vào cả hai ý niệm của vĩnh cửu và hư không. Là một thi sĩ nên khi giải thích về các sự trái ngược trong đời sống, Thầy đã nhẹ nhàng vén bức màn vô minh ảo tưởng dùm chúng ta, cho phép chúng ta (có lẽ lần đầu tiên trong đời) được biết rằng sự kinh hoàng về cái chết chỉ có nguyên nhân là các ý niệm và hiểu biết sai lầm của chính mình mà thôi.\r\n\r\nTri kiến về sống, chết của Thầy vô cùng vi tế và đẹp đẽ. Cũng như những điều vi tế, đẹp đẽ khác, cách thưởng thức hay nhất là thiền quán trong thinh lặng. Lòng nhân hậu và từ bi phát xuất từ suối nguồn thâm tuệ của Thiền sư Thích Nhất Hạnh là một loại thuốc chữa lành những vết thương trong trái tim chúng ta.\r\n\r\n', 'khomng diet khong sinh.jpg', 2, 1),
(11, '0009', 'Giận (Tái Bản 2023)', 94500, 0, '                            Khi ta giận, khi một ai đó làm cho ta giận, ta phải trở về với thân tâm và chăm sóc cơn giận của mình. Không nên nói gì hết. Không nên làm gì hết. Khi đang giận mà nói năng hay hành động thì chỉ gây thêm đổ vỡ mà thôi… Như thế là không khôn ngoan. Phải trở về dập tắt lửa trước đã… Giận là một cuốn sách hay của Thiền sư Thích Nhất Hạnh, nó mở ra cho ta những khả năng kỳ diệu, nhưng lại rất dễ thực hành để ta tự mình từng bước... thoát khỏi cơn giận và sống đẹp với xã hội quanh mình.\r\n\r\nGiận được xuất bản tại Hoa Kỳ ngày 10.9.2001, trước biến cố 11.9.2001 có một ngày. Vì thế Giận đã trở thành quyển sách bán chạy nhất Hoa Kỳ - 50.000 bản mỗi tuần - trong vòng 9 tháng... Tại Hàn Quốc, quyển sách này đã bán được 1 triệu bản trong vòng 11 tháng. Rất nhiều độc giả nhờ đọc sách này mà đã điều phục được tâm mình, sử dụng ái ngữ lắng nghe để hoà giải với người thân, đem lại hạnh phúc trong gia đình và trong cộng đồng của họ.\r\n\r\nGiận - sách hay nên đọc để chuyển hóa sân hận thành năng lượng tích cực\r\n\r\nTheo ý của Thiền sư, sân hận không phải cơn cảm xúc để chế ngự, và nhất định không phải kẻ thù chúng ta cần phải tuyên chiến. Ngược lại, nó phải được chấp nhận một cách hiền hòa, cần được mỗi người chăm sóc. Qua sách, tác giả giải thích cho người đọc cách làm thế nào để có thể vượt qua những cảm xúc có thể làm nhiều người đau đớn, khổ sở. Ngoài ra, góc nhìn của Thích Nhất Hạnh, trong một nghĩa nào đó, mang màu sắc tâm lý, triết học khi  giúp người đọc nhận ra những cơn giận của họ ở tầm ý nghĩa rộng lớn, vừa tích cực vừa tiêu cực trong bối cảnh cuộc sống của con người nói chung.\r\n\r\nThích Nhất Hạnh quan niệm rằng sự khác nhau giữa người và người về cơ bản là ảo tưởng và sân hận khiến cho nó có tác động nghiêm trọng hơn. Tôi càng giận người khác thì tôi (từ góc nhìn Phật giáo) càng quên đi người đó giống tôi thế nào - bỏ qua là người đó, trong một nghĩa nào đó, chính là \"tôi\". Kẻ thù tạm thời (cũng có thể về dài hạn) có vẻ khác tôi hoàn toàn: là nguyên nhân cho cảm giác khó chịu của tôi, là người thao túng, hạnh hạ, bóc lột tôi, hơn nữa là người xứng đáng để bị trừng phạt vì những hành động hằn học của mình… Còn thực tế, kẻ đó thường giống tôi, vừa giận vừa đau khổ như tôi. Tôi càng công nhận điều đó, thông cảm cho người đó, chăm sóc và chuyển hóa cơn giận của người đó lẫn cơn giận của tôi thì khả năng xung đột sẽ chấm dứt, sự kết nối giữa cả hai sẽ cao hơn…\r\n\r\nTác giả: Thích Nhất Hạnh (tên khai sinh Nguyễn Xuân Bảo, sinh ngày 11 tháng 10 năm 1926) là một thiền sư, giảng viên, nhà văn, nhà thơ, nhà khảo cứu, nhà hoạt động xã hội, và người vận động cho hòa bình người Việt Nam.\r\n\r\nÔng sinh ra ở Thừa Thiên-Huế, miền Trung Việt Nam, xuất gia theo Thiền tông vào năm 16 tuổi, trở thành một nhà sư vào năm 1949. Ông là người đưa ra khái niệm \"Phật giáo dấn thân\" (engaged Buddhism) trong cuốn sách Vietnam: Lotus in a Sea of Fire.\r\n\r\nThiền sư Thích Nhất Hạnh đã viết hơn 100 cuốn sách, trong số đó hơn 40 cuốn bằng tiếng Anh. Ông là người vận động cho phong trào hòa bình, với các giải pháp không bạo lực cho các mâu thuẫn.\r\n\r\nMột số tác phẩm của ông: Con sư tử vàng của thầy Pháp Tạng - Nẻo về của ý - Am mây ngủ - Văn Lang dị sử - Đường xưa mây trắng - Truyện Kiều văn xuôi - Thả một bè lau - Bông hồng cài áo - Đạo Phật ngày nay - Nói với tuổi hai mươi - Trái tim của Bụt…\r\n\r\n', 'gian.jpg', 2, 1),
(12, '0010', 'Tết Ở Làng Địa Ngục', 108160, 0, 'Năm đó, tại một ngôi làng xa xôi trên một ngọn núi hoang vu, người ta đón Tết trong sự kinh hãi tột độ, hoài nghi đau đáu và giận dữ khôn cùng trước sự ập tới của những bi kich tàn khốc.\r\n\r\nNgôi làng ấy vốn dĩ không có tên, nhưng những người nơi đây mặc định chốn này là địa ngục. Dân trong làng không ai dám tự ý băng rừng thoát khỏi làng, càng không biết thế giới bên ngoài rộng lớn như thế nào, bởi lẽ họ sợ người khác sẽ biết rằng bản thân mình vốn là hậu duệ của băng cướp khét tiếng ở truông nhà Hồ dưới thời chúa Nguyễn ở Đàng Trong.\r\n\r\nVào một đêm cuối năm rét buốt, ông Thập – người duy nhất có thể ra khỏi làng – được báo mộng bởi một âm hồn mặc quan phục màu đỏ rực. Làng Địa Ngục sắp gặp họa lớn!\r\n\r\nThành danh bằng những tác phẩm văn học kinh dị đậm chất Việt Nam được phát hành qua mạng, lần này tác giả Thảo Trang tiếp tục mang đến một câu chuyện hấp dẫn, mở ra một thế giới huyền bí với những sinh vật, thế lực siêu linh mà người đọc không bao giờ hết hứng thú, để lại những dư âm không phai khi gấp sách lại.\r\n\r\n', 'tet o lang dia guc.jpg', 2, 1),
(13, '0011', 'Đám Trẻ Ở Đại Dương Đen', 69300, 0, '“nỗi buồn không rõ hình thù\r\n\r\nta cho nó dáng, ta thu vào lòng\r\n\r\nta ôm mà chẳng đề phòng\r\n\r\nmột ngày nó lớn chất chồng tâm can”\r\n\r\n“kẻ sống muốn đời cạn\r\n\r\nngười chết muốn hồi sinh\r\n\r\ntrần gian bi hài nhỉ?\r\n\r\nta còn muốn bỏ mình?”\r\n\r\nĐám trẻ ở đại dương đen là lời độc thoại và đối thoại của những đứa trẻ ở đại dương đen, nơi từng lớp sóng của nỗi buồn và tuyệt vọng không ngừng cuộn trào, lúc âm ỉ, khi dữ dội. Những đứa trẻ ấy phải vật lộn trong những góc tối tâm lý, với sự u uất đè nén từ tổn thương khi không được sinh ra trong một gia đình toàn vẹn, ấm êm, khi phải mang trên đôi vai non dại những gánh nặng không tưởng.\r\n\r\nSong song đó cũng là quá trình tự chữa lành vô cùng khó khăn của đám trẻ, cố gắng vươn mình ra khỏi đại dương đen, tìm cho mình một ánh sáng. Và chính những sự nỗ lực xoa dịu chính mình đó đã hóa thành những câu từ trong cuốn sách này, bất kể đau đớn thế nào.\r\n\r\nCuốn sách được viết bởi Châu Sa Đáy Mắt, một tác giả GenZ mong muốn cùng các bạn trẻ bộc bạch và vỗ về những xúc cảm chân thật về gia đình, xã hội và chính bản thân.\r\n\r\nSách được phát hành bởi Wavebooks - thương hiệu sách dành cho người Việt trẻ.\r\n\r\n', 'dam tre o dai duong xanh.png', 2, 1),
(14, '0012', 'Như Sao Trời Ôm Lấy Đại Dương', 60200, 0, '“Tớ gửi chiếc ôm đi đâu đó\r\n\r\nBay đến bên cạnh một bé yêu\r\n\r\nĐang bật khóc giữa bầu trời đêm nhỏ\r\n\r\nĐể tớ ôm, tớ thương em rất nhiều.”\r\n\r\nThân gửi đến người bạn nhỏ một chiếc ôm đầy ấm áp qua tập thơ “Như sao trời ôm lấy đại dương”.\r\n\r\nChắc hẳn thế giới ngoài kia đã không ít lần làm xây xát trái tim vốn yếu mềm của bạn.\r\n\r\nHai chữ “trưởng thành” thật sự không dễ dàng, cuộc sống dù cho đã cố hết sức cũng không được như ý nguyện. Thế nhưng hy vọng bạn, cho dù có nhìn thấy những điều không hay vẫn tiếp tục tin tưởng vào những điều tốt đẹp sẽ xảy ra, giữ cho mình một trái tim lương thiện, sáng ngời.\r\n\r\nĐôi mắt bạn xứng đáng được nhìn thấy những khung cảnh xinh đẹp, đôi tai bạn xứng đáng được lắng nghe những thanh âm dịu dàng và trái tim bạn xứng đáng được yêu thương.\r\n\r\n“Như sao trời ôm lấy đại dương” là tác phẩm đầu tay của nhà thơ trẻ Hngoc. Tập thơ được chia làm hai phần: Yêu mình - Yêu người. Dù là phần nào thì bằng câu từ đẹp đẽ và lấp lánh, Hngoc sẽ khơi gợi khát khao yêu và được yêu trong mỗi chúng ta.\r\n\r\nCó lẽ trên chặng đường học làm “người lớn”, chúng ta sẽ không tránh khỏi những va vấp trong tình yêu. Nhưng giống như biển cả phải có những con sóng thì biển mới trở nên sống động, cũng như trái tim, đôi lúc cần những vết thương để trở nên dạn dĩ, trưởng thành. Từ giây phút bạn học được cách chấp nhận những nỗi đau cũng là lúc bạn học được cách chữa lành cho chính mình. Bởi suy cho cùng chỉ khi ta tự yêu lấy bản thân mình thì mới có khả năng để yêu thương một ai đó khác.\r\n\r\nSau cuối, vẫn mong rằng bạn sẽ tìm được ánh sao trời của riêng mình. Người đó sẽ nguyện ở lại yêu thương, che chở và đưa bạn qua những tháng năm thăng trầm tựa sao trời ôm lấy đại dương.\r\n\r\n“Như bầu trời ôm lấy biển xanh ngát\r\n\r\nMình ôm em thật sát ở trong lòng”\r\n\r\nBất luận thế nào, cũng hy vọng bạn sẽ luôn cảm thấy hạnh phúc với mỗi ngày mình đang sống.\r\n\r\n', 'nhu sao troi om lay dai duong.png', 2, 1),
(15, '0013', 'Em Muốn Biết Vì Sao - Người Ai Cập Xây Kim Tự Tháp (Tái Bản 2018)', 27300, 0, '                            Em muốn biết vì sao bụng em sôi ùng ục?\r\n\r\nEm muốn biết vì sao nước biển có vị mặn?\r\n\r\nEm muốn biết vì sao lạc đà lại có bướu?\r\n\r\nCó khi nào em thắc mắc như vậy không? Hẳn là có rồi! Thế giới bao la có bao nhiêu điều thú vị mời gọi em khám phá. Hãy cùng bộ sách Em muốn biết vì sao mở cửa thế giới tri thức nhé!\r\n\r\nBộ sách Em muốn biết vì sao được Đông A Books mua bản quyền từ NXB Kingfisher, gồm 20 tập. Mỗi tập là một chủ đề khác nhau như: Sâu bướm ăn nhiều, Cướp biển xỏ khuyên tai, Máy bay có cánh… 20 chủ đề đa dạng bao quát kiến thức thuộc đủ loại lĩnh vực tự nhiên, địa lí, lịch sử, văn hóa… sẽ đem đến cho các em niềm vui học hỏi và khám phá. Hình thức hỏi - đáp ngắn gọn, dễ hiểu, không chỉ giáp đáp hằng trăm thắc mắc mà còn lôi cuốn các em từ ngạc nhiên này đến ngạc nhiên khác. Sẽ có rất nhiều thông tin lí thú xoay quanh các hiện tượng thường ngày đến những kỉ lục ấn tượng, những chuyện lạ không phải ai cũng biết.\r\n\r\nEm sẽ rất thích thú với hàng trăm hình minh họa sống động trong mỗi tập sách. Ngoài ra, những bản đồ, sơ đồ sẽ đem cả thế giới rộng lớn vào trang sách; bên cạnh đó là những bức hí họa gợi sự so sánh, liên tưởng vừa vui nhộn vừa gần gũi. Danh mục tra cứu tập hợp các từ khóa cơ bản sẽ giúp em củng cố vốn từ vựng, dễ dàng ghi nhớ thông tin và tập rèn luyện tra cứu vô cùng hữu ích. Ngay bây giờ, hãy khám phá thế giới bằng câu thần chú Em muốn biết vì sao…\r\n\r\n', 'ai cap.jpg', 3, 1),
(16, '0014', 'Bách Khoa Thư Lịch Sử - Từ Tiền Sử Đến Thời Hiện Đại (Tái Bản)', 182750, 0, 'Hãy cùng khám phá những sự kiện nổi bật trong dòng lịch sử thế giới – từ thuở hồng hoang cho đến thời hiện đại .\r\n\r\nTrải dài trên bảy giai đoạn lịch sử chính , cùng chiêm ngưỡng những nền văn minh cổ đại , dõi theo các trận chiến , những cuộc cách mạng cải cách ,rồi tới các phát minh và tiến bộ khoa học mang tính đột phá.\r\n\r\n - Bố cục sách theo niên đại ,tiện tra cứu và sử dụng\r\n\r\n- Minh hoạ đẹp mắt với hàng trăm ảnh , tranh vẽ và bản đồ sinh động\r\n\r\n- Mỗi thời kỳ lịch sử đều có các biểu mốc thời gian chi tiết và chính xác\r\n\r\n', 'backkhoa.jpg', 3, 1),
(17, '0015', 'Bách Khoa Thư Lịch Sử - Từ Tiền Sử Đến Thời Đại - Bìa Cứng (Tái Bản)', 216750, 0, 'Hãy cùng khám phá những sự kiện nổi bật trong dòng lịch sử thế giới – từ thuở hồng hoang cho đến thời hiện đại .\r\n\r\nTrải dài trên bảy giai đoạn lịch sử chính , cùng chiêm ngưỡng những nền văn minh cổ đại , dõi theo các trận chiến , những cuộc cách mạng cải cách ,rồi tới các phát minh và tiến bộ khoa học mang tính đột phá.\r\n\r\n- Bố cục sách theo niên đại ,tiện tra cứu và sử dụng\r\n\r\n- Minh hoạ đẹp mắt với hàng trăm ảnh , tranh vẽ và bản đồ sinh động', 'backkhoa 1.jpg', 3, 1),
(18, '0016', 'Những Trí Tuệ Vĩ Đại - Tesla Nhà Phát Minh, Cha Đẻ Của Dòng Điện Xoay Chiều', 148850, 0, 'Được ca tụng là cha đẻ của dòng điện xoay chiều, Nikola Tesla đã làm thay đổi thế giới với các phát minh của mình. Nhà khoa học này đã cống hiến toàn bộ cuộc đời mình cho việc nghiên cứu, khám phá, phát minh với hơn 700 bằng sáng chế thuộc về ông. Ngay từ thuở ấu thơ, tâm trí của Tesla đã tràn ngập những suy nghĩ thách thức khoa học, khi trưởng thành, ông phân tích những giải pháp, phát minh ở mức độ vô cùng chi tiết để lý giải chúng, đồng thời tự phát triển những nguyên lý, lý thuyết mới định hình lại tương lai của khoa học.\r\n\r\nTừ tia X, ra-đa đến cuộn dây Tesla, radio, điều khiển từ xa, cuốn tiểu sử với 150 bức ảnh minh họa tuyệt đẹp này sẽ cho độc giả thấy được sự phát triển trong các lý thuyết chính và phát minh của Tesla. Cuốn sách làm sáng tỏ những góc tối trong cuộc đời riêng tư và sự nghiệp của nhà phát minh đại tài, người đã sống một cuộc đời lập dị và cô độc, dù đã đóng góp đáng kể cho văn minh nhân loại. Tesla bao gồm những bức vẽ, lá thư, nhật kí, ghi chép hiếm hoi của Tesla, cùng với những bức ảnh chụp ông, tất cả tạo nên bức chân dung hoàn chỉnh về một trí tuệ vĩ đại trong lịch sử.\r\n\r\n', 'tesla.jpg', 3, 1),
(19, '0017', '100 Kỹ Năng Sinh Tồn', 61380, 0, 'Bạn sẽ làm gì nếu như một ngày bị mắc kẹt giữa vùng lãnh thổ có dịch bệnh hoành hành, lạc ở nơi hoang dã, bị móc túi khi đi du lịch ở đất nước xa lạ, hay phải thoát ngay khỏi một vụ hỏa hoạn ở nhà cao tầng… ? Clint Emerson – một cựu Đặc vụ SEAL, lực lượng tác chiến đặc biệt của Hải quân Hoa Kỳ – muốn bạn có được sự chuẩn bị tốt nhất trong cuốn sách 100 kỹ năng sinh tồn này.\r\n\r\nRõ ràng, chi tiết và được trình bày dễ hiểu, cuốn sách này phác thảo chi tiết nhiều chiến lược giúp bảo vệ bạn và những người bạn yêu thương, dạy bạn cách suy nghĩ và hành động như một thành viên của lực lượng quân đội tinh nhuệ Hoa Kỳ. 100 kỹ năng sinh tồn thực sự là cuốn cẩm nang vô giá. Bởi lẽ, khi nguy hiểm xảy ra, bạn chẳng có nhiều thời gian cho những chỉ dẫn phức tạp đâu.\r\n\r\n-----\r\n\r\nTác giả\r\n\r\nClint Emerson là một cựu Đặc vụ SEAL, ông đã dành hai mươi năm chỉ đạo những chiến dịch đặc biệt trên khắp thế giới trong lúc còn gắn bó với Đội Ba SEAL, Cơ quan An ninh Quốc gia Hoa Kỳ (NSA), và Đội Sáu SEAL tinh nhuệ. Tốt nghiệp trường Đại học Quân sự Hoa Kỳ ở Virginia với tấm bằng cử nhân về Quản lý An ninh, Clint Emerson đã dành nhiều năm trong lực lượng tác chiến đặc biệt này với một Đơn vị Nhiệm vụ Đặc biệt SMU, phát triển và thực hiện các kỹ năng chuyên môn để hỗ trợ các hoạt động trong những môi trường khắc nghiệt khác nhau nhằm vào các cá nhân xuất sắc. Là một chuyên gia giám sát và chống khủng bố, Clint Emerson đã nhận được rất nhiều giải thưởng cho lòng dũng cảm và sự lãnh đạo của mình.\r\n\r\nClint Emerson là người sáng lập của Escape the Wolf, một công ty tập trung vào phòng ngừa và ứng phó với bạo lực tại nơi làm việc, xác định các mối đe dọa và kiểm soát khủng hoảng. Là tác giả của cuốn sách bán chạy của New York Times có tên 100 kỹ năng sinh tồn, Clint Emerson tiếp tục lập danh sách các kỹ năng tự vệ trong lúc phát triển những sản phẩm và công cụ độc đáo, có độ bền cao, cho sự an toàn của cá nhân và gia đình.\r\n\r\n', '100 ky nang.jpg', 2, 1),
(20, '0018', 'Đồ Chơi Mô Hình Pop Mart Duckyo Cosplay Nhân Viên (Mẫu Bên Trong Là Ngẫu Nhiên)', 240000, 0, 'Một ngày làm việc của bạn như thế nào? Một mùa cày deadline của bạn ra sao?\r\n\r\nDUCKYO hiểu hết!!! Cùng nhìn xem có phải không nhỉ. Sưu tập ngay bộ sản phẩm Mô Hình DUCKYO Cosplay Nhân Viên để cùng đánh giá xem cậu chàng đã xoay xở như thế nào, đã ước mơ ra làm sao nhé.\r\n\r\nThiết kế bộ sưu tập bao gồm 12 mẫu thường và 1 mẫu hiếm (Secret) với tỷ lệ xuất hiện 1/144.\r\n\r\nTrong trường hợp mua cả SET 12 mẫu, nếu xuất hiện mẫu hiếm (Secret) thì sẽ mất 1 mẫu thường.\r\n\r\n*Mẫu hiếm (Secret): Là những mẫu hiếm gặp và thường được làm mờ hoặc tô đen trên vỏ hộp', 'vit.jpg', 4, 1),
(21, '0019', 'Đồ Chơi Mô Hình Pop Mart Chúa Tể Của Những Chiếc Nhẫn (Mẫu Bên Trong Là Ngẫu Nhiên)', 280000, 0, 'Các nhân vật xuất hiện trong loạt phim Chúa Tể Của Những Chiếc Nhẫn được làm thành mô hình để dành tặng cho các bạn fan của series phim này.\r\n\r\nThiết kế bộ sưu tập bao gồm 12 mẫu thường và 1 mẫu hiếm (Secret) với tỉ lệ 1/144.\r\n\r\nTrong trường hợp mua cả SET 12 mẫu, nếu xuất hiện mẫu hiếm (Secret) thì sẽ mất 1 mẫu thường.\r\n\r\n*Mẫu hiếm (Secret): Là những mẫu hiếm gặp và thường được làm mờ hoặc tô đen trên vỏ hộp\r\n\r\nVài nét về thương hiệu:\r\n\r\nPop Mart là công ty chuyên sản xuất đồ chơi nghệ thuật dành cho lứa tuổi thanh thiếu niên có trụ sở tại Bắc Kinh. Pop Mart sở hữu bản quyền của hơn 90 thương hiệu đến từ những cái tên đình đám DC Comics, Harry Potter, Disney Princess, Minion…và hợp tác cùng các nghệ sĩ danh tiếng cho ra 12 thương hiệu độc quyền của riêng mình.\r\n\r\n', 'chua te nhung chiec nhan.jpg', 4, 1),
(22, '0020', 'Đồ Chơi Mô Hình Pop Mart Skullpanda The Warmth - Nắng Ấm (Mẫu Bên Trong Là Ngẫu Nhiên)', 280000, 0, 'Cô nàng SkullPanda chẳng thể ngăn mùa đông lạnh giá đang đến, hay biến nó thành mùa xuân tươi đẹp được. Nhưng chắc chắn cô ấy có thể đánh thức bạn dậy trong hơi ấm vòng tay của mình.\r\n\r\nThiết kế bộ sưu tập bao gồm 12 mẫu\r\n\r\nPop Mart là công ty chuyên sản xuất đồ chơi nghệ thuật dành cho lứa tuổi thanh thiếu niên có trụ sở tại Bắc Kinh. Pop Mart sở hữu bản quyền của hơn 90 thương hiệu đến từ những cái tên đình đám DC Comics, Harry Potter, Disney Princess, Minion…và hợp tác cùng các nghệ sĩ danh tiếng cho ra 12 thương hiệu độc quyền của riêng mình.', 'skullpanda.jpg', 4, 1),
(23, '0021', 'Đồ Chơi Mô Hình Pop Mart Skullpanda Hóa Thú - The Mare Of Animals (Mẫu Bên Trong Là Ngẫu Nhiên)', 280000, 0, 'Skullpanda sẽ đưa các bạn đến thế giới của những giấc mơ, nơi mà cô ấy sẽ khoác lên cho mình những bộ trang phục cosplay động vật cực đáng yêu nhưng không kém phần ma mị. Liệu bạn sẽ thức dậy hay sẽ tiếp tục cuộc hành trình cùng với Skullpanda.\r\n\r\nThiết kế bộ sưu tập bao gồm 12 mẫu thường và 1 mẫu hiếm (Secret)\r\n\r\nTrong trường hợp mua cả SET 12 mẫu, nếu xuất hiện mẫu hiếm (Secret) thì sẽ mất 1 mẫu thường.\r\n\r\n*Mẫu hiếm (Secret): Là những mẫu hiếm gặp và thường được làm mờ hoặc tô đen trên vỏ hộp', 's.jpg', 4, 1),
(24, '0022', 'Đồ Chơi Mô Hình MINIFORCE - Robot Hộ Thần Tam Long Hợp Thể Trioh V - 503020', 279, 0, '- Robot Hộ Thần Tam Long hợp thể Trioh V là sản phẩm thuộc thương hiệu SAMG Entertainment, một sản phẩm đến từ Series phim hoạt hình được nhiều bạn nhỏ yêu thích – MINIFORCE\r\n\r\n- Đồ chơi biến hình từ 3 xe khủng long (khủng long bạo chúa, ba sừng, phẩy sừng) sang Robot và ngược lại. Bé thỏa sức sáng tạo, nhập vai cực thích với 2 kiểu biến hình này.\r\n\r\n- Chứa các chi tiết đều được làm hoàn toàn từ chất liệu nhựa ABS cao cấp, ráp nối với nhau một cách tỉ mỉ, đảm bảo độ chắc chắn cũng như tính mỹ quan của sản phẩm.\r\n\r\n- Chất liệu nhựa không bao gồm những thành phần độc hại cho sức khoẻ của trẻ nhỏ khi sử dụng trong thời gian dài.', 'do_choi_mo_hinh_miniforce___robot_ho_than_tam_long_hop_the_trioh_v___503020_1_2023_05_18_13_52_45.jpg', 4, 1),
(25, '0023', 'Cây Thông Mini Phủ Tuyết 30 cm - Chaang Chiia LP-M4-HS', 24050, 0, 'Sản phẩm phù hợp để trang trí Noel và cũng có thể sử dụng như đạo cụ chụp ảnh theo chủ đề Noel.\r\n\r\nCây thông noel là biểu tượng nổi bật của sự hi vọng và cũng là đặc trưng của mùa giáng sinh thật an lành.\r\n\r\nVới kích thước nhỏ gọn và cách trang trí sang trọng là điểm cộng cho sản phẩm này bạn có thể dùng trong trang trí bàn ăn ngày noel, bàn làm việc cho có không khí giáng sinh, trang trí tủ kệ bàn trang điểm phòng uống trà …hoặc bất cứ vị trí nào trong nhà mà bạn thấy thích hợp\r\n\r\nCây thông noel – món quà giáng sinh ý nghĩa\r\n\r\n', '8936043158359-_7_.jpg', 4, 1),
(26, '0024', 'Bộ Tranh Tương Tác Cô Tiên Xanh - Tiệm Buffet Lẩu Tokbokki', 28400, 0, '                            - Cùng hoá thân thành ông Hoàng trong Ngành Lẩu Hàn Quốc mang văn hoá ẩm thực Hàn đến Việt Nam, tận tay phục vụ các vị khách đáng yêu bằng đa dạng các loại topping cho Tiệm Lẩu Tokbokki của chính mình.\r\n\r\n- Bộ tranh tiệm lẩu bằng Giấy có kích cỡ A4, Giấy dày 160-180gsm, có màu.\r\n\r\n- Bé thỏa thích vui chơi với những hình ảnh ngộ nghĩnh, đáng yêu với chất liệu an toàn, dày dặn, không chứa chất độc hại\r\n\r\n- Chất lượng mực in cao cấp có màu sắc tươi sáng, bền màu.\r\n\r\n- Bé có thể tô màu thêm cho những sản phẩm, vật dụng trong bộ đồ chơi theo ý thích cá nhân, tạo sự khác biệt cũng như tăng sự sống động của bộ sản phẩm.\r\n\r\n- Bé có những trò chơi thú vị mới sẽ giúp bé giảm thời gian gần tivi, điện thoại ... không còn phụ thuộc vào nguồn giải trí dễ gây ảnh hưởng không tốt đến bé. Ba mẹ hướng dẫn và cùng bé trải nghiệm bộ sản phẩm này nhé!\r\n\r\n', '3900000125406-1_1_.png', 4, 1),
(27, '0025', 'Thay Đổi Cuộc Sống Với Nhân Số Học', 124000, 0, '                                                        Cuốn sách Thay đổi cuộc sống với Nhân số học là tác phẩm được chị Lê Đỗ Quỳnh Hương phát triển từ tác phẩm gốc “The Complete Book of Numerology” của tiến sỹ David A. Phillips, khiến bộ môn Nhân số học khởi nguồn từ nhà toán học Pythagoras trở nên gần gũi, dễ hiểu hơn với độc giả Việt Nam.\r\n\r\nĐầu năm 2020, chuỗi chương trình “Thay đổi cuộc sống với Nhân số học” của  biên tập viên, người dẫn chương trình quen thuộc tại Việt Nam Lê Đỗ Quỳnh Hương ra đời trên Youtube, với mục đích chia sẻ kiến thức, giúp mọi người tìm hiểu và phát triển, hoàn thiện bản thân, các mối quan hệ xã hội thông qua bộ môn Nhân số học. Chương trình đã nhận được sự yêu mến và phản hồi tích cực của rất nhiều khán giả và độc giả sau mỗi tập phát sóng.\r\n\r\nNhân số học là một môn nghiên cứu sự tương quan giữa những con số trong ngày sinh, cái tên với cuộc sống, vận mệnh, đường đời và tính cách của mỗi người. Bộ môn này đã được nhà toán học Pythagoras khởi xướng cách đây 2.600 năm và sau này được nhiều thế hệ học trò liên tục kế thừa, phát triển.  \r\n\r\n Có thể xem, Nhân số học là một bộ môn Khám phá Bản thân (Self-Discovery), đọc vị về số. Bộ môn này giúp giải mã những tín hiệu mà cuộc sống đã gửi đến từng cá thể con người trong đời sống, tương tự như Nhân tướng học hay Nhân trắc học…Khi nghiêm túc nghiên cứu sự tồn tại và mối tương quan giữa các con số xuất hiện trong ngày, tháng, năm sinh của mỗi người qua Nhân số học, ta có thể hiểu được khá nhiều về bản thân mình, cũng như mối quan hệ của mình với người khác. Nếu hiểu những \"mật mã\" nằm ẩn dưới những con số, chúng ta có thể kiểm soát cuộc sống của mình, điều chỉnh chúng theo hướng ngày càng tốt đẹp hơn, phù hợp với năng lực, tính cách của mình hơn.\r\n\r\n', 'tdcsvnsh.png', 7, 1),
(28, '0026', 'Tiểu Sử Elon Musk - Bìa Cứng - Tặng Kèm Số Tay Elon Musk', 449100, 0, 'Tiểu Sử Elon Musk\r\n\r\nTiểu sử Elon Musk là cuộc khám phá về cuộc sống và công việc của một biểu tượng thời hiện đại, mang đến những hiểu biết sâu sắc về tâm trí của một người có tầm nhìn được thúc đẩy bởi sự theo đuổi không ngừng đổi mới và tiến bộ. Đây là một cuốn sách hấp dẫn dành cho những ai quan tâm đến sự giao thoa giữa công nghệ, tinh thần kinh doanh và tâm lý con người.\r\n\r\nTiểu sử Elon Musk của Walter Isaacson đi sâu vào cuộc đời và tính cách của một trong những nhà đổi mới hấp dẫn và gây tranh cãi nhất trong thời đại chúng ta, Elon Musk. Cuốn tiểu sử đưa người đọc vào một hành trình gần gũi xuyên suốt cuộc đời đầy biến động của Musk, khám phá những trải nghiệm thời thơ ấu của anh ở Nam Phi, mối quan hệ phức tạp của anh với cha mình và quá trình phát triển thành một doanh nhân có tầm nhìn xa trông rộng, được biết đến với việc dẫn đầu các dự án đột phá trong lĩnh vực xe điện, thám hiểm không gian và trí tuệ nhân tạo cũng như những mục tiêu đầy tham vọng của ông đối với nhân loại.\r\n\r\nIsaacson đã vẽ nên một bức tranh sống động về Musk như một \"\"đứa trẻ\"\" được hình thành từ những vết sẹo cả về thể xác lẫn tinh thần trong quá khứ, bao gồm cả việc bị bắt nạt khi còn nhỏ. Tính cách của Musk được đặc trưng bởi tính khí thất thường, khả năng chấp nhận rủi ro cao và quyết tâm kiên cường theo đuổi những sứ mệnh lớn lao.\r\n\r\nCuốn tiểu sử này cung cấp cái nhìn hậu trường về các hoạt động kinh doanh của Musk, bao gồm SpaceX, Tesla và việc anh tiếp quản Twitter, làm sáng tỏ phong cách lãnh đạo, nỗi ám ảnh về chi tiết và việc không ngừng theo đuổi các mục tiêu của mình.\r\n\r\nIsaacson cũng đi sâu vào cuộc sống cá nhân của Musk, bao gồm các mối quan hệ và vai trò làm cha của anh, tiết lộ những chi tiết hấp dẫn về động lực gia đình độc đáo cũng như khát vọng có được những đứa con thông minh.\r\n\r\nXuyên suốt cuốn sách, Isaacson đưa ra một góc nhìn cân bằng về điểm mạnh và điểm yếu của Musk, nêu bật khả năng vượt trội của anh trong việc thúc đẩy sự thay đổi và đổi mới, đồng thời thừa nhận sự thiếu đồng cảm và thách thức của anh trong các tương tác xã hội.\r\n\r\nMặc dù cuốn tiểu sử mang lại cái nhìn toàn diện và chi tiết về cuộc đời và sự nghiệp của Musk, nhưng nó cũng để lại chỗ cho người đọc suy ngẫm về những khía cạnh bí ẩn trong tính cách cũng như sự phức tạp trong những tham vọng của ông. Nghiên cứu tỉ mỉ của Isaacson và khả năng tiếp cận vòng tròn bên trong của Musk khiến đây trở thành nguồn tài nguyên quý giá cho những ai muốn tìm hiểu con người đằng sau những công nghệ biến đổi của thời đại chúng ta.\r\n\r\nI.CUỐN SÁCH CÓ GÌ ĐẶC BIỆT\r\n\r\n(những điểm độc đáo nhất về cách chọn chủ đề, triển khai nội dung, case-study, văn phong, tác giả…)\r\n\r\n- Đây là cuốn tiểu sử đầu tiên khai thác toàn diện về cuộc đời và sự nghiệp của Elon Musk - tỷ phú giàu nhất thế giới với tính cách độc đáo khác biệt.\r\n\r\n- Cuốn sách khai thác tất cả các lĩnh vực khoa học và công nghệ thú vị nhất hiện nay: tên lửa, năng lượng mặt trời, xe điện, trí tuệ nhân tạo, não bộ cấy ghép, siêu pin, tiền điện tử và sứ mệnh trên sao Hỏa.\r\n\r\n- Cuốn tiểu sử duy nhất được Elon Musk xác nhận trên X.\r\n\r\n- Cuốn sách do người viết tiểu sử vĩ đại nhất nước Mỹ Walter Isaacson thực hiện trong vòng 3 năm với hơn 100 cuộc phỏng vấn\r\n\r\n', 'th_ng-tin-s_ch-m_i-elon-musk-4-1.jpg', 3, 1),
(29, '0027', 'Kể Chuyện Cuộc Đời Các Thiên Tài: Isaac Newton - Nhà Khoa Học Vĩ Đại', 34000, 0, '                            Cuốn sách nói về cuộc đời đầy biến cố và những công trình khoa học vĩ đại của Newton.\r\n\r\nCuộc đời Newton trải qua nhiều thăng trầm, tuy nhiên những khó khăn chưa bao giờ khiến ông lùi bước. Không phải nghiên cứu nào của ông cũng đạt được thành quả ngay lập tức mà cần trải qua một quá trình lâu dài, đòi hỏi sự hi sinh và thời gian để ghi nhận.\r\n\r\nNewton được biết đến với các phát minh về: định luật vạn vật hấp dẫn, ba định luật về chuyển động, phép tính vi phân, tích phân, kính viễn vọng phản xạ...\r\n\r\nNewton đã có những cống hiến vô cùng to lớn cho nền khoa học nước Anh nói riêng và khoa học thế giới nói chung. Mọi nghiên cứu, phát hiện của ông góp phần mở ra những lĩnh vực khoa học mới mẻ và hiện đại cho nhân loại. Với những đóng góp của mình, Newton xứng đáng là một trong những người có ảnh hưởng lớn nhất trong lịch sử khoa học.\r\n\r\nIsaac Newton (1642-1727) là thiên tài trong nhiều lĩnh vực, là nhà khoa học siêu việt bậc nhất của mọi thời đại. Suốt cuộc đời mình, ông đã không ngừng tìm tòi và đóng góp cho khoa học, phục vụ cho sự tiến bộ của xã hội. Bằng một tinh thần kỉ luật tốt, ý chí vươn lên và sự lao động không mệt mỏi, nhà khoa học vĩ đại Newton đã mang đến những phát minh kiệt xuất cho toàn nhân loại.\r\n\r\n', '2022_12_21_15_05_01_1-390x510.jpg', 3, 1),
(30, '0028', 'Kể Chuyện Cuộc Đời Các Thiên Tài - Louis Pasteur - Thầy Thuốc Vĩ Đại Của Nhân Loại', 36000, 0, 'Chưa bao giờ chính thức theo học y khoa, nhưng Louis Pasteur vẫn được coi là một thầy thuốc vĩ đại bởi những đóng góp to lớn của ông cho y học.\r\n\r\nCó thể khẳng định rằng, hiếm có người cứu sống được nhiều sinh mạng hơn Louis Pasteur. Những vắc-xin ông phát triển cho đến nay vẫn tiếp tục cứu sống và bảo vệ hàng triệu người trên thế giới. Những nghiên cứu của ông về vi trùng đã cách mạnh hóa y tế. Louis Pasteur - Thầy thuốc vĩ đại của nhân loại là cuốn sách kể về câu chuyện cuộc đời của nhà khoa học Louis Pasteur. Cuốn sách mang đến cho bạn đọc thêm những góc nhìn rất mới về ông - một cậu bé sống tình cảm và ham học, một tuổi trẻ dám dấn thân hết mình cho đam mê, một nhà khoa học không ngừng cống hiến cho nhân loại đến tận những ngày cuối đời. Trên hành trình khoa học ấy của ông không chỉ có những vinh quang, mà có cả những cay đắng, khó khăn, những sự hi sinh lặng thầm để theo đuổi đam mê khoa học của cuộc đời mình.\r\n\r\nHơn 70 năm cuộc đời là hơn 70 năm nhà khoa học Louis Pasteur sống vinh quang, không ngừng nỗ lực, toàn tâm toàn ý nghiên cứu cống hiến cho nhân loại. Ông là một nhà bác học vĩ đại, được nhân loại muôn đời tôn vinh và kính trọng. Ông được vinh danh là vị ân nhân của toàn nhân loại.\r\n\r\nThông tin về Louis Pasteur\r\n\r\nLouis Pasteur (27/12/1822 - 28/9/1895) là nhà sinh học, nhà vi sinh vật học, nhà hóa học và là một giáo sư, bác sĩ nổi tiếng người Pháp. Ông đã khám phá vắc-xin phòng bệnh dại, vắc-xin bệnh than, vắc-xin bệnh tả.\r\n\r\nMã hàng	8935210307347\r\nTên Nhà Cung Cấp	Tân Việt\r\nTác giả	Rasmus Hoài Nam\r\nNXB	Thanh Niên\r\nNăm XB	2023\r\nTrọng lượng (gr)	120\r\nKích Thước Bao Bì	20.5 x 14.5 x 0.5 cm\r\nSố trang	104\r\nHình thức	Bìa Mềm\r\nSản phẩm bán chạy nhất	Top 100 sản phẩm Câu Chuyện Cuộc Đời bán chạy của tháng\r\nGiá sản phẩm trên Fahasa.com đã bao gồm thuế theo luật hiện hành. Bên cạnh đó, tuỳ vào loại sản phẩm, hình thức và địa chỉ giao hàng mà có thể phát sinh thêm chi phí khác như Phụ phí đóng gói, phí vận chuyển, phụ phí hàng cồng kềnh,...\r\nChính sách khuyến mãi trên Fahasa.com không áp dụng cho Hệ thống Nhà sách Fahasa trên toàn quốc\r\nKể Chuyện Cuộc Đời Các Thiên Tài - Louis Pasteur - Thầy Thuốc Vĩ Đại Của Nhân Loại\r\n\r\nChưa bao giờ chính thức theo học y khoa, nhưng Louis Pasteur vẫn được coi là một thầy thuốc vĩ đại bởi những đóng góp to lớn của ông cho y học.\r\n\r\nCó thể khẳng định rằng, hiếm có người cứu sống được nhiều sinh mạng hơn Louis Pasteur. Những vắc-xin ông phát triển cho đến nay vẫn tiếp tục cứu sống và bảo vệ hàng triệu người trên thế giới. Những nghiên cứu của ông về vi trùng đã cách mạnh hóa y tế. Louis Pasteur - Thầy thuốc vĩ đại của nhân loại là cuốn sách kể về câu chuyện cuộc đời của nhà khoa học Louis Pasteur. Cuốn sách mang đến cho bạn đọc thêm những góc nhìn rất mới về ông - một cậu bé sống tình cảm và ham học, một tuổi trẻ dám dấn thân hết mình cho đam mê, một nhà khoa học không ngừng cống hiến cho nhân loại đến tận những ngày cuối đời. Trên hành trình khoa học ấy của ông không chỉ có những vinh quang, mà có cả những cay đắng, khó khăn, những sự hi sinh lặng thầm để theo đuổi đam mê khoa học của cuộc đời mình.\r\n\r\nHơn 70 năm cuộc đời là hơn 70 năm nhà khoa học Louis Pasteur sống vinh quang, không ngừng nỗ lực, toàn tâm toàn ý nghiên cứu cống hiến cho nhân loại. Ông là một nhà bác học vĩ đại, được nhân loại muôn đời tôn vinh và kính trọng. Ông được vinh danh là vị ân nhân của toàn nhân loại.\r\n\r\nThông tin về Louis Pasteur\r\n\r\nLouis Pasteur (27/12/1822 - 28/9/1895) là nhà sinh học, nhà vi sinh vật học, nhà hóa học và là một giáo sư, bác sĩ nổi tiếng người Pháp. Ông đã khám phá vắc-xin phòng bệnh dại, vắc-xin bệnh than, vắc-xin bệnh tả.', '2023_05_10_17_20_44_1-390x510.jpg', 0, 1),
(31, '0028', 'Kể Chuyện Cuộc Đời Các Thiên Tài - Louis Pasteur - Thầy Thuốc Vĩ Đại Của Nhân Loại', 36000, 0, '                            Chưa bao giờ chính thức theo học y khoa, nhưng Louis Pasteur vẫn được coi là một thầy thuốc vĩ đại bởi những đóng góp to lớn của ông cho y học.\r\n\r\nCó thể khẳng định rằng, hiếm có người cứu sống được nhiều sinh mạng hơn Louis Pasteur. Những vắc-xin ông phát triển cho đến nay vẫn tiếp tục cứu sống và bảo vệ hàng triệu người trên thế giới. Những nghiên cứu của ông về vi trùng đã cách mạnh hóa y tế. Louis Pasteur - Thầy thuốc vĩ đại của nhân loại là cuốn sách kể về câu chuyện cuộc đời của nhà khoa học Louis Pasteur. Cuốn sách mang đến cho bạn đọc thêm những góc nhìn rất mới về ông - một cậu bé sống tình cảm và ham học, một tuổi trẻ dám dấn thân hết mình cho đam mê, một nhà khoa học không ngừng cống hiến cho nhân loại đến tận những ngày cuối đời. Trên hành trình khoa học ấy của ông không chỉ có những vinh quang, mà có cả những cay đắng, khó khăn, những sự hi sinh lặng thầm để theo đuổi đam mê khoa học của cuộc đời mình.\r\n\r\nHơn 70 năm cuộc đời là hơn 70 năm nhà khoa học Louis Pasteur sống vinh quang, không ngừng nỗ lực, toàn tâm toàn ý nghiên cứu cống hiến cho nhân loại. Ông là một nhà bác học vĩ đại, được nhân loại muôn đời tôn vinh và kính trọng. Ông được vinh danh là vị ân nhân của toàn nhân loại.\r\n\r\nThông tin về Louis Pasteur\r\n\r\nLouis Pasteur (27/12/1822 - 28/9/1895) là nhà sinh học, nhà vi sinh vật học, nhà hóa học và là một giáo sư, bác sĩ nổi tiếng người Pháp. Ông đã khám phá vắc-xin phòng bệnh dại, vắc-xin bệnh than, vắc-xin bệnh tả.\r\n\r\n', '2023_05_10_17_20_44_1-390x510.jpg', 3, 1);
INSERT INTO `tbl_sanpham` (`id_sanpham`, `ma_sanpham`, `ten_sanpham`, `gia_sanpham`, `soluong_sanpham`, `noidung_sanpham`, `anh_sanpham`, `id_danhmuc`, `tinhtrang_sanpham`) VALUES
(32, '0029', 'Móc Khóa Mô Hình Conan', 44100, 0, 'Sản phẩm móc chìa khóa mô hình nhân vật Conan có đế đính kèm. Ngoài chức năng là 1 chiếc móc khoá nhỏ xinh, bạn có thể gắn đế để bàn như 1 đồ dùng trang trí cũng vô cùng đáng yêu.\r\n\r\nHãy sưu tầm đủ bộ móc khoá mô hình Conan để cho góc học tập và làm việc của mình thêm phần sinh động bạn nhé!', '8936134262354_1.jpg', 5, 1),
(33, '0030', 'Thú Bông Doraemon - Phiên Bản Sinh Nhật Doraemon 03.09 - Size L - Tặng Kèm Móc Khóa Doraemon Sinh Nhật', 504000, 0, '- Sản phẩm thú bông mới siêu hot với đặc điểm dễ nhận biết của nhân vật Doraemon nổi tiếng\r\n\r\n- Sản phẩm được làm bằng vải siêu mềm mịn. mang lại sự mềm mại và mượt mà.\r\n\r\n- Bông gòn nhồi bên trong là bông gòn trắng loại 1, độ đàn hồi tốt.\r\n\r\n- Sản phẩm có thể có sự khác biệt về độ to từ 1-2cm so với hình.\r\n\r\n- Chất liệu chất lượng cao không kích ứng da, phù hợp cho mọi lứa tuổi, đường may tỉ mỉ, tinh tế, hoạ tiết thêu sắc sảo.\r\n\r\nMã hàng	combo-8936134262903-3900000161039\r\nĐộ Tuổi	3+\r\nTên Nhà Cung Cấp	CÔNG TY TNHH TEENBOX\r\nNăm XB	2023\r\nThương Hiệu	TAGGER\r\nXuất Xứ Thương Hiệu	Việt Nam\r\nNơi Gia Công & Sản Xuất	Việt Nam\r\nMàu sắc	Xanh Da trời\r\nChất liệu	Vải\r\nThông Số Kỹ Thuật	Không Dùng Pin\r\nThông Tin Cảnh Báo	Không thích hợp cho trẻ dưới 3 tuổi.\r\nHướng Dẫn Sử Dụng	Dùng chơi bằng tay.\r\nKích Thước Bao Bì	55 x 50 x 40 cm\r\nSản phẩm bán chạy nhất	Top 100 sản phẩm Thú Bông bán chạy của tháng\r\nGiá sản phẩm trên Fahasa.com đã bao gồm thuế theo luật hiện hành. Bên cạnh đó, tuỳ vào loại sản phẩm, hình thức và địa chỉ giao hàng mà có thể phát sinh thêm chi phí khác như Phụ phí đóng gói, phí vận chuyển, phụ phí hàng cồng kềnh,...\r\nChính sách khuyến mãi trên Fahasa.com không áp dụng cho Hệ thống Nhà sách Fahasa trên toàn quốc\r\nThú Bông Doraemon - Phiên Bản Sinh Nhật Doraemon 03.09 - Size L\r\n\r\n- Sản phẩm thú bông mới siêu hot với đặc điểm dễ nhận biết của nhân vật Doraemon nổi tiếng\r\n\r\n- Sản phẩm được làm bằng vải siêu mềm mịn. mang lại sự mềm mại và mượt mà.\r\n\r\n- Bông gòn nhồi bên trong là bông gòn trắng loại 1, độ đàn hồi tốt.\r\n\r\n- Sản phẩm có thể có sự khác biệt về độ to từ 1-2cm so với hình.\r\n\r\n- Chất liệu chất lượng cao không kích ứng da, phù hợp cho mọi lứa tuổi, đường may tỉ mỉ, tinh tế, hoạ tiết thêu sắc sảo.', 'combo-8936134262903.jpg', 5, 1),
(34, '0031', 'Gối Bông Hình Dorayaki - Tặng Kèm Móc Khóa Doraemon Sinh Nhật', 111200, 0, 'Sản phẩm gối bông mới siêu hot với đặc điểm dễ nhận biết của chiếc bánh Dorayaki trong bộ phim Doraemon nổi tiếng', 'combo-8936134261340.jpg', 5, 1),
(35, '0032', 'Quà Lưu Niệm - Hoa Hồng Riena LM 141 - Màu Xanh Lá Nhạt', 156000, 0, 'Gửi những thông điệp yêu thương và những cánh hoa hồng đẹp nhất với dòng chữ “Vĩnh Cửu” (Eternity) đến người thương yêu nhất của bạn.\r\n\r\nNhững sứ giả của tình yêu, những cánh hoa hồng đã được xử lý với phương pháp thân thiện với môi trường khi chúng trong giai đoạn đẹp nhất.\r\n\r\nNhờ cách xử lý thân thiện với môi trường đã giúp những bông hoa duy trì lâu dài.\r\n\r\nNhững bông hoa, với màu sắc rực rỡ và cảm giác mềm mại của chúng sẽ được kéo dài hơn ba năm.\r\n\r\nMột món quà có ý nghĩa hơn một bó hoa hồng.\r\n\r\nMã hàng	8934986074880-mau1\r\nNhà Cung Cấp	Riena Inc.\r\nThương Hiệu	OEM\r\nXuất Xứ Thương Hiệu	Trung Quốc\r\nNơi Gia Công & Sản Xuất	Trung Quốc\r\nMàu sắc	Xanh Lá Nhạt\r\nChất liệu	Nhựa, Giấy\r\nTrọng lượng (gr)	107\r\nKích Thước Bao Bì	7.5 x 7.5 x 7.5 cm\r\nSản phẩm bán chạy nhất	Top 100 sản phẩm Quà Tặng Trang Trí Khác bán chạy của tháng\r\nGiá sản phẩm trên Fahasa.com đã bao gồm thuế theo luật hiện hành. Bên cạnh đó, tuỳ vào loại sản phẩm, hình thức và địa chỉ giao hàng mà có thể phát sinh thêm chi phí khác như Phụ phí đóng gói, phí vận chuyển, phụ phí hàng cồng kềnh,...\r\nChính sách khuyến mãi trên Fahasa.com không áp dụng cho Hệ thống Nhà sách Fahasa trên toàn quốc\r\nQuà Lưu Niệm - Hoa Hồng Riena LM 141\r\n\r\nGửi những thông điệp yêu thương và những cánh hoa hồng đẹp nhất với dòng chữ “Vĩnh Cửu” (Eternity) đến người thương yêu nhất của bạn.\r\n\r\nNhững sứ giả của tình yêu, những cánh hoa hồng đã được xử lý với phương pháp thân thiện với môi trường khi chúng trong giai đoạn đẹp nhất.\r\n\r\nNhờ cách xử lý thân thiện với môi trường đã giúp những bông hoa duy trì lâu dài.\r\n\r\nNhững bông hoa, với màu sắc rực rỡ và cảm giác mềm mại của chúng sẽ được kéo dài hơn ba năm.\r\n\r\nMột món quà có ý nghĩa hơn một bó hoa hồng.', '8934986074880-_7__1.jpg', 5, 1),
(36, '0033', 'Ống Tiền Khóa Mã 778A - Mẫu 3 - Màu Vàng', 239250, 0, '                            Bạn có thể sử dụng Két sắt mini này như một chú heo đất tiết kiệm. Với một mật khẩu bạn có thể dễ dàng rút tiền ra như khi cất vào.\r\n\r\nGiúp bạn quản lý và tiết kiệm tiền hiệu quả mà an toàn!\r\n\r\nVới quà tặng Ống Tiền Khóa Mã 778A các bậc phụ huynh có thể tạo lập cho con em mình không tiêu xài phung phí lại tiếp cận được công nghệ hiện đại...\r\n\r\nMô tả :\r\n\r\n- Két mini thông minh là một sản phẩm tiết kiệm tiền khá đẹp mắt, gọn gàng và an toàn.\r\n\r\n- Thiết kế nhỏ gọn, màu sắc hài hòa.\r\n\r\n- Hệ thống khóa với mã số an toàn.\r\n\r\n- An toàn, dễ sử dụng\r\n\r\n- Thích hợp cho việc di chuyển trên đường hay xách tay hoặc đặt cố định bên trong tủ hoặc treo trên tường, dịch chuyển hộp khóa.\r\n\r\n', '8935259339477-mau2.jpg', 5, 1),
(37, '0034', 'Bình Nước Giữ Nhiệt Giáng Sinh - WanLongDa SP9444-4', 242250, 0, '                            Bình giữ nhiệt vỏ được dán hình giáng sinh sẽ là một món quà tuyệt vời cho mùa Noel này.\r\n\r\nKhông những có thể là một món quà có thể mang lại cho người nhận cảm giác được coi trọng khi tặng mà còn có thể mang lại cho người nhận được cảm giác vô cùng bất ngờ và thích thú.\r\n\r\nBên trong Bình giữ nhiệt được làm hoàn toàn từ chất liệu inox an toàn sức khỏe người tiêu dùng.\r\n\r\nĐược thiết kế với kiểu dáng đẹp, gọn gàng đồng thời giữ nóng hoặc giữ lạnh giúp bạn và người thân thuận tiện trong mọi trường hợp.\r\n\r\nLưu ý : Sản phẩm không dành cho trẻ nhỏ dưới 3 tuổi\r\n\r\n', '1880000979723.jpg', 5, 1),
(38, '0035', 'Thiệp Tết - 18 x 12 cm - Grey 12TT41', 9975, 0, 'Thiệp Tết sử dụng chất liệu giấy mỹ thuật cao cấp, cứng cáp và trơn láng, khả năng thấm hút mực nhanh và không bị lem mực khi viết.\r\n\r\nGiấy viết nội dung thiệp được làm thủ công những họa tiết bìa dễ thương, xinh xắn.\r\n\r\nThiệp đã bao gồm một phong bì lịch sự để bạn đặt tấm thiệp vào bên trong khi gửi tặng, vừa tăng tính thẩm mỹ vừa thể hiện được sự trân trọng đối với người nhận.\r\n\r\nNgoài những câu chúc hoặc món quà đã chuẩn bị sẵn dành tặng những người thân yêu vào dịp Tết thì một tấm thiệp viết tay sẽ giúp món quà của bạn được trọn vẹn hơn, người bạn yêu thương sẽ bất ngờ và cảm động hơn.\r\n\r\nVới hình ảnh thiết kế màu sắc đơn giản mang lại cho người nhận cảm giác vui vẻ, ấm áp và tận hưởng được không khí của ngày lễ.\r\n\r\nMã hàng	8936077520245-mau28\r\nTên Nhà Cung Cấp	Cty Mc & Partners\r\nThương Hiệu	Grey\r\nXuất Xứ Thương Hiệu	Việt Nam\r\nNơi Gia Công & Sản Xuất	Việt Nam\r\nMàu sắc	Nhiều màu\r\nChất liệu	Giấy\r\nTrọng lượng (gr)	18\r\nKích Thước Bao Bì	19 x 13 x 0.3 cm\r\nSản phẩm bán chạy nhất	Top 100 sản phẩm Thiệp bán chạy của tháng\r\nGiá sản phẩm trên Fahasa.com đã bao gồm thuế theo luật hiện hành. Bên cạnh đó, tuỳ vào loại sản phẩm, hình thức và địa chỉ giao hàng mà có thể phát sinh thêm chi phí khác như Phụ phí đóng gói, phí vận chuyển, phụ phí hàng cồng kềnh,...\r\nChính sách khuyến mãi trên Fahasa.com không áp dụng cho Hệ thống Nhà sách Fahasa trên toàn quốc\r\nThiệp Tết - 18 x 12 cm - Grey 12TT\r\n\r\nThiệp Tết sử dụng chất liệu giấy mỹ thuật cao cấp, cứng cáp và trơn láng, khả năng thấm hút mực nhanh và không bị lem mực khi viết.\r\n\r\nGiấy viết nội dung thiệp được làm thủ công những họa tiết bìa dễ thương, xinh xắn.\r\n\r\nThiệp đã bao gồm một phong bì lịch sự để bạn đặt tấm thiệp vào bên trong khi gửi tặng, vừa tăng tính thẩm mỹ vừa thể hiện được sự trân trọng đối với người nhận.\r\n\r\nNgoài những câu chúc hoặc món quà đã chuẩn bị sẵn dành tặng những người thân yêu vào dịp Tết thì một tấm thiệp viết tay sẽ giúp món quà của bạn được trọn vẹn hơn, người bạn yêu thương sẽ bất ngờ và cảm động hơn.\r\n\r\nVới hình ảnh thiết kế màu sắc đơn giản mang lại cho người nhận cảm giác vui vẻ, ấm áp và tận hưởng được không khí của ngày lễ.', '8936077520245-mau19_1.jpg', 5, 1),
(39, '0036', 'Lịch Treo Tường One Piece 2024 - Tặng Kèm Poster Gắn Bên Trong', 57000, 0, '                            Những bức tranh màu mới nhất và siêu nóng hổi đến từ tác giả EIICHIRO ODA tiếp tục đồng hành cùng các Fan của ONE PIECE trong một năm 2024 đầy hứng khởi. Đặc biệt hơn, trên lịch năm nay còn có sự xuất hiện của GEAR 5 cực ngầu và vui nhộn. Lịch in 2 mặt và còn tặng kèm một tấm Poster Băng Mũ Rơm “oách xà lách” nữa nhé!!\r\n\r\nHãy nhanh tay rinh về ấn phẩm Lịch treo tường ONE PIECE, sản phẩm mở màn cho một năm 2024 đầy hứng khởi, mở màn cho một thời điểm đầy tưng bừng với những Fan OP tại Việt Nam: Chào đón GEAR 5 và trận chiến với Kaido lên tới đỉnh điểm nhất!!\r\n\r\n', '8935352601556_1__pixian_ai.png', 5, 1),
(40, '0037', 'Trổ Tài Họa Sĩ - Lớp Học Mật Ngữ - Tập 2 -Tặng Kèm Lịch Treo Tường Lớp Học Mật Ngữ 2024', 36000, 0, ' Trổ Tài Họa Sĩ - Lớp Học Mật Ngữ - Tập 2\r\n\r\nSử dụng ngôn ngữ hình ảnh để diễn tả tâm trạng là một cách rất dễ thương để mỗi tween chia sẻ câu chuyện, tâm hồn của mình. Tô màu cũng là một cách để giúp cân bằng cảm xúc, trút bỏ muộn phiền bực dọc, hay kéo dài niềm vui.\r\n\r\nTô màu tranh vẽ - tô sắc cá tính\r\n\r\nCác nhà nghiên cứu khoa học - giáo dục đã nhất trí rằng tô màu là phương pháp siêu đơn giản nhưng mang đến vô vàn những giá trị đỉnh cao. Không chỉ luyện khả năng phối hợp màu sắc, sự tập trung, sự kiên nhẫn mà tô màu còn kích thích sự sáng tạo, giúp tween tự tin thể hiện màu sắc cá tính bản thân qua việc lựa chọn màu.\r\n\r\nSử dụng ngôn ngữ hình ảnh để diễn tả tâm trạng là một cách rất dễ thương để mỗi tween chia sẻ câu chuyện, tâm hồn của mình. Tô màu cũng là một cách để giúp cân bằng cảm xúc, trút bỏ muộn phiền bực dọc, hay kéo dài niềm vui.\r\n\r\nĐó là lý do cuốn Lớp Học Mật Ngữ: Trổ tài họa sĩ đầu tiên được phát hành đã ngay lập tức nhận được sự ủng hộ của bạn đọc tween, các phụ huynh và thầy cô. Sự đón nhận nhiệt liệt đó đã giúp ban biên soạn cho ra đời tập tiếp theo: Lớp Học Mật Ngữ: Trổ tài họa sĩ Vol.2.\r\n\r\nTô màu vui nhộn - chọn nghề tương lai\r\n\r\nTrong tập này, các tween không chỉ được tô màu trên những trang vẽ các bạn 12 cung hoàng đạo vốn đã rất quen thuộc mà còn được tìm hiểu về các ngành nghề trong xã hội. Mỗi cung hoàng đạo sẽ có một tính cách, năng lực phù hợp với những ngành, nghề riêng. Những gợi ý trong tập tô màu này sẽ giúp tween có cơ hội tìm hiểu thêm về sở thích và xây dựng dần những khái niệm về lựa chọn ngành nghề tương lai.\r\n\r\nNhư Song Ngư sáng tạo, lãng mạn phù hợp với những lĩnh vực nghệ thuật, vẽ tranh, sáng tác… Bạch Dương thiên về hành động sẽ rất mê những hoạt động thể chất, thể thao. Bảo Bình thích rẽ lối đi riêng, khoái khám phá vũ trụ, mê công nghệ… Những ngành nghề như bác sĩ, lập trình viên, nhà thiết kế, đầu bếp, người làm vlog… đều được thể hiện trong tập này qua những hình ảnh “cu-te” hạt me.\r\n\r\nVà một quà tặng “10 điểm không có nhưng” sẽ dành cho phụ kiện đính kèm là lịch treo tường Lớp Học Mật Ngữ 2024. Đây sẽ là cuốn lịch truyền cảm hứng cả năm cho tween với những câu danh ngôn đi kèm cực kỳ ý nghĩa.\r\n\r\n', '8938507003762_3.jpg', 6, 1),
(41, '0038', 'Hoàng Tử Bé (Song Ngữ Việt-Anh)', 55300, 0, '                            Hoàng tử bé được xuất bản lần đầu năm 1943 của nhà văn, phi công người Pháp Antoine de Saint-exupéry là một trong những cuốn tiểu thuyết kinh điển nổi tiếng nhất mọi thời đại. Câu chuyện ngắn gọn về cuộc gặp gỡ diệu kỳ giữa viên phi công bị rơi máy bay và Hoàng tử bé giữa sa mạc Sa-ha-ra hoang vu. Hành tinh quê hương và các mối quan hệ của hoàng tử bé dần hé lộ: Tình bạn, tình yêu thương của Hoàng tử bé dành cho bông hồng duy nhất, tình cảm sâu sắc dành cho chú cáo.\r\n\r\nKhông những vậy, thông qua các cuộc gặp gỡ trong chuyến du ngoạn tới các hành tinh khác nhau của hoàng tử bé cũng chứa đựng triết lý nhân sinh sâu sắc về các kiểu người trong xã hội hiện đại.\r\n\r\nThật không ngoa khi khẳng định, mỗi câu chữ trong cuốn sách này đều đầy triết lý và mỗi người, mỗi lứa tuổi và mỗi hoàn cảnh khi đọc sẽ có những cảm nhận riêng.\r\n\r\nThành tích\r\n\r\nTính đến nay, tác phẩm Hoàng tử bé (Le Petit Prince) đã được dịch sang 300 ngôn ngữ, trở thành cuốn sách được chuyển thể ra nhiều ngôn ngữ nhất trên thế giới chỉ sau Kinh Thánh. Với hàng trăm triệu bản in trên toàn thế giới, Hoàng tử bé được coi là một trong những tác phẩm bán chạy nhất của nhân loại và vẫn tiếp tục được xuất bản hằng năm với rất nhiều phiên bản khác nhau.\r\n\r\nCuốn sách thiếu nhi có kèm truyện tranh độc đáo với phiên bản truyện song ngữ Anh Việt giúp các em nhỏ học tiếng Anh, giải trí, tăng vốn từ vựng, rèn luyện EQ, IQ. Có thể coi đây là cuốn sách vượt xa các cuốn sách đương thời như: Harry Potter, Nhóc Nicolas, Kính vạn hoa, Lũ trẻ hư nhất quả đất, Chuyện con mèo dạy hải âu bay...\r\n\r\nCuốn sách được xếp vào top 100 cuốn sách hay nhất thế kỷ XX.\r\n\r\nĐiểm khác biệt của phiên bản song ngữ Việt-Anh này so với các phiên bản khác có trên thị trường:\r\n\r\nPhần tiếng Anh là bản dịch của Katherine Wood – một bản dịch vô cùng được yêu thích bởi những người nói tiếng Anh trên khắp thế giới.\r\n\r\nĐây là phiên bản Hoàng tử bé song ngữ Anh-Việt duy nhất có kết hợp chọn từ vựng tiếng Anh giúp các em nhỏ học tiếng Anh, giải trí, tăng vốn từ vựng với những đoạn hội thoại đậm chất văn học, nuôi dưỡng và rèn luyện trí thông mình cảm xúc (EQ) và cảm nhận tác phẩm kinh điển này bằng cả hai thứ tiếng.\r\n\r\nTrình bày song song hai ngôn ngữ giúp học tiếng Anh (hoặc người nước ngoài học tiếng Việt) một cách dễ dàng cùng phần ghi chú từ vựng vô cùng sáng tạo, độc đáo.\r\n\r\nSách song ngữ nhưng giá bìa không hề cao hơn sách tiếng Việt, còn được tặng kèm link download phiên bản audio cho các độc giả muốn nghe truyện bằng tiếng Anh.\r\n\r\n', 'hoang tu be.jpg', 6, 1),
(42, '0039', 'Alice Ở Xứ Sở Diệu Kỳ - Song Ngữ Việt-Anh', 71100, 0, '                            Alice ở Xứ sở Diệu kỳ được xuất bản lần đầu năm 1865 của Charles Lutwidge Dodgson (1832 – 1898) với bút danh Lewis Carroll. Ông là nhà văn, nhà toán học, nhà thần học, logic học kiêm nhiếp ảnh gia người Anh. Cuộc phiêu lưu đến Xứ sở Diệu kỳ ngay khi vừa ra mắt đã khiến danh tiếng của Lewis Carroll trở lên lừng lẫy. Với trí tưởng tượng bay bổng, không giới hạn sẽ khiến các em nhỏ say mê trong thế giới của Thỏ Trắng, Sâu Bướm, Thỏ Tháng Ba, Người Làm Mũ, hay cả một triều đình quần thần chính là các quân bài.\r\n\r\n', 'ALICE xu so dieu ky.jpg', 6, 1),
(43, '0040', 'Cuộc Phiêu Lưu Vĩ Đại Của Herbie (Tái Bản)', 89000, 0, ' \"Cuộc phiêu lưu vĩ đại của Herbie\" dành cho những bé từ 4 tuổi, đang tràn ngập câu hỏi về thế giới xung quanh. Cuốn sách kể về hành trình khám phá thế giới bên ngoài của chú nhím Herbie, trước đây luôn được bao bọc và che trở trong tình thương của mẹ. Những bức tranh sống động của tác giả Jennie Poh sẽ cuốn hút các bạn nhỏ từ những trang sách đầu tiên. Thông qua đó, bài học về sự dũng cảm, vượt qua nỗi sợ và sức mạnh của tình yêu thương nhắc nhở các bạn nhỏ luôn mạnh mẽ kể cả khi không có những người thân yêu bên cạnh.\r\n\r\nJennie Poh là một tác giả người Anh, ngay từ khi còn nhỏ đã có niềm đam mê với hội hoạ. Với \"Cuộc phiêu lưu vĩ đại của Herbie\", cô thông qua ngòi bút tài năng của mình, giúp các bé hoá thân thành chú nhím nhỏ, bắt đầu khám phá lần đầu tiên trong cuộc đời.\r\n\r\nCâu chuyện xoay quanh cuộc phiêu lưu của chú nhím Herbie – chú nhím nhỏ sống hạnh phúc trong tình yêu thương và che chở của Mẹ. Herbie chưa một lần rời xa nhà. Ấy vậy mà, một ngày, mẹ Herbie nói rằng cậu bé cần bước ra khám phá thế giới bên ngoài. Mặc dù rất lo lắng và chưa thực sự sẵn sàng nhưng Herbie vẫn dũng cảm bắt đầu chuyến hành trình đầu tiên của mình.\r\n\r\nCâu chuyện đủ màu sắc của 4 mùa Xuân - Hạ - Thu - Đông, với những từ ngữ mô tả uyển chuyển, tinh tế được đặt đúng thời điểm giúp các bé kích thích trí tượng tưởng và cảm nhận chuyến đi bằng tất cả các giác quan. Hơn cả chuyến phiêu lưu của một chú nhím, câu chuyện nhẹ nhàng bay bổng còn là bài học về sự dũng cảm, về tình yêu thương và trên hết là tình cảm gia đình. Tác giả cũng khéo léo nhắc nhở các bạn nhỏ rằng khi không có người thân ở bên, không có nghĩa là bé đang bị bỏ rơi mà là cách các bạn nhỏ học về sự can đảm và tự mình khám phá thế giới xung quanh.\r\n\r\nVới ngôn ngữ đáng yêu, trong sáng và lối văn diễn đơn giản, cuốn hút; “Cuộc phiêu lưu vĩ đại của Herbie” phù hợp là câu chuyện kể mỗi tối dành cho các bé.\r\n\r\n', '9786045567364.jpg', 6, 1),
(44, '0041', 'Thành Phố Máy Bay - Bí Ẩn Hồ Nhiên Liệu', 75650, 0, '                            “Thế giới ở thực tại có nhiều giới hạn, còn thế giới trong tưởng tượng thì không có bất kỳ ranh giới nào.” - Jean-Jacques Rousseau\r\n\r\nThế giới tưởng tượng của trẻ em rộng hàng ngàn dặm và không bị gò bó vào những khuôn mẫu. Thế giới ấy cần được chăm bẵm và tô điểm bằng những sản phẩm tinh thần có chất lượng. Hiểu được nhu cầu đó, tác giả Elena Khrustaleva đã sáng tạo ra thành phố Letyaevo xinh đẹp, với cư dân là những chiếc máy bay ngộ nghĩnh, sống và hành động như con người. Từ đó, các em được khám phá một nơi hoàn toàn mới lạ, xa xôi trên bầu trời, chứng kiến những âm mưu được ngăn chặn và cảm phục lòng dũng cảm, tình bạn ngời sáng.\r\n\r\n Thành phố máy bay - Bí ẩn hồ nhiên liệu chắc chắn sẽ là cuốn sách gối đầu giường dành cho độc giả nhỏ tuổi, làm phong phú trí tưởng tượng của các em bằng những sự kiện bí ẩn và lôi cuốn, đồng thời tôi luyện những phẩm chất tốt đẹp từ sớm.\r\n\r\n----- \r\n\r\nTác giả Elena Khrustaleva  \r\n\r\nElena Khrustaleva là nữ nhà văn, nhà biên kịch và chỉ đạo sản xuất các chương trình truyền hình người Nga. Bà sinh ra tại thành phố Novgorod, theo học chuyên ngành báo chí tại trường Novgorod State University.\r\n\r\nKhrustaleva từng viết kịch bản cho nhiều gameshow, chương trình truyền hình dành cho trẻ em, sau đó triển khai dự án Căn phòng cổ tích (A Fairy Tale Room) rất đáng chú ý. Từ năm 2008, bà sáng tác hơn 12 cuốn tiểu thuyết trinh thám và phiêu lưu, hướng tới nhóm độc giả nhỏ tuổi.\r\n\r\nHiện tại, nữ nhà văn tập trung vào việc viết kịch bản cho những bộ phim hoạt hình và giảng dạy kịch nghệ trong trường học. Ngoài ra bà thường tổ chức những buổi gặp gỡ với các bạn nhỏ trong thư viện hoặc nhà trường, dành nhiều tâm huyết để vun đắp thói quen đọc sách ở trẻ em.\r\n\r\n', '2020_07_09_16_34_12_5-390x510.jpg', 6, 1),
(45, '0042', '48 Nguyên Tắc Chủ Chốt Của Quyền Lực (Tái Bản 2020)', 140000, 0, 'Quyền lực có sức hấp dẫn vô cùng mạnh mẽ đối với con người trong mọi thời, ở mọi nơi, với mọi giai tầng. Lịch sử xét cho cùng là cuộc đấu tranh triền miên để giành cho bằng được quyền lực cai trị của các tập đoàn thống trị, từ cổ chí kim, từ đông sang tây.\r\n\r\nQuyền lực là thứ mà rất nhiều người mong muốn nhưng không phải ai cũng dễ dàng đạt được. Vươn lên những vị trí cao hơn trong thang bậc xã hội thường được xem là một khát khao rất con người. Nhưng, liệu có phải chỉ những tài năng xuất chúng mới có thể đạt được điều đó? Không hẳn vậy. Bởi ít ai biết rằng, để giành được một vị trí quyền lực thực tế vẫn mang tính công thức.\r\n\r\nQua nghiên cứu lịch sử nhân loại, với những nhân vật có quyền lực nhất tự cổ chí kim, Robert Greene đã khái quát nên 48 nguyên tắc tạo nên quyền lực một cách có cơ sở khoa học. Mỗi nguyên tắc đều được tác giả phân tích, giải thích rõ ràng, mang tính thuyết phục cao và cực kỳ hấp dẫn. Một số quy luật đòi hỏi sự khôn ngoan sắc sảo, một số cần sự lén lút và một số khác hoàn toàn vắng mặt lòng thương xót… Nhưng dù bạn thích hay không thích, tất cả những quy luật này đều có nhiều ứng dụng trong các tình huống thực tế của cuộc đời.\r\n\r\nPhi luân lý, xảo quyệt, nhẫn tâm và dồi dào tư liệu, “48 nguyên tắc chủ chốt của quyền lực” của Robert Greene hoàn toàn có thể giúp bạn vươn tới những đỉnh cao quyền lực và cũng có thể giúp bạn đạt được tột đỉnh vinh quang.\r\n\r\nMã hàng	8934974165569\r\nTên Nhà Cung Cấp	NXB Trẻ\r\nTác giả	Robert Greene\r\nNXB	NXB Trẻ\r\nNăm XB	2020\r\nTrọng lượng (gr)	520\r\nKích Thước Bao Bì	14 x 20 cm\r\nSố trang	504\r\nHình thức	Bìa Mềm\r\nSản phẩm bán chạy nhất	Top 100 sản phẩm Kỹ năng sống bán chạy của tháng\r\nGiá sản phẩm trên Fahasa.com đã bao gồm thuế theo luật hiện hành. Bên cạnh đó, tuỳ vào loại sản phẩm, hình thức và địa chỉ giao hàng mà có thể phát sinh thêm chi phí khác như Phụ phí đóng gói, phí vận chuyển, phụ phí hàng cồng kềnh,...\r\nChính sách khuyến mãi trên Fahasa.com không áp dụng cho Hệ thống Nhà sách Fahasa trên toàn quốc\r\nQuyền lực có sức hấp dẫn vô cùng mạnh mẽ đối với con người trong mọi thời, ở mọi nơi, với mọi giai tầng. Lịch sử xét cho cùng là cuộc đấu tranh triền miên để giành cho bằng được quyền lực cai trị của các tập đoàn thống trị, từ cổ chí kim, từ đông sang tây.\r\n\r\nQuyền lực là thứ mà rất nhiều người mong muốn nhưng không phải ai cũng dễ dàng đạt được. Vươn lên những vị trí cao hơn trong thang bậc xã hội thường được xem là một khát khao rất con người. Nhưng, liệu có phải chỉ những tài năng xuất chúng mới có thể đạt được điều đó? Không hẳn vậy. Bởi ít ai biết rằng, để giành được một vị trí quyền lực thực tế vẫn mang tính công thức.\r\n\r\nQua nghiên cứu lịch sử nhân loại, với những nhân vật có quyền lực nhất tự cổ chí kim, Robert Greene đã khái quát nên 48 nguyên tắc tạo nên quyền lực một cách có cơ sở khoa học. Mỗi nguyên tắc đều được tác giả phân tích, giải thích rõ ràng, mang tính thuyết phục cao và cực kỳ hấp dẫn. Một số quy luật đòi hỏi sự khôn ngoan sắc sảo, một số cần sự lén lút và một số khác hoàn toàn vắng mặt lòng thương xót… Nhưng dù bạn thích hay không thích, tất cả những quy luật này đều có nhiều ứng dụng trong các tình huống thực tế của cuộc đời.\r\n\r\nPhi luân lý, xảo quyệt, nhẫn tâm và dồi dào tư liệu, “48 nguyên tắc chủ chốt của quyền lực” của Robert Greene hoàn toàn có thể giúp bạn vươn tới những đỉnh cao quyền lực và cũng có thể giúp bạn đạt được tột đỉnh vinh quang.', '2020_06_11_15_11_55_1-390x510.jpg', 7, 1),
(46, '0043', 'Nói Chuyện Là Bản Năng, Giữ Miệng Là Tu Dưỡng, Im Lặng Là Trí Tuệ (Tái Bản)', 132300, 0, 'Tuân Tử nói: “Nói năng hợp lý, đó gọi là hiểu biết; im lặng đúng lúc, đó cũng là hiểu biết”. Ngôn ngữ là thứ có thể thể hiện rõ nhất mức độ tu dưỡng của một người, nói năng hợp lý là một loại trí tuệ, mà im lặng đúng lúc cũng là một loại trí tuệ. Nếu một người không biết giữ miệng, nói mà không suy nghĩ, nghĩ gì nói nấy, tất nhiên rất dễ khiến người khác chán ghét.\r\n\r\nNội dung quyển sách này xoay quanh hai vấn đề đó là “biết cách nói chuyện” và “biết giữ miệng”, thông qua 12 chương sách nói rõ cách nói chuyện với những người khác nhau, cách nói chuyện trong những trường hợp khác nhau, làm thế nào để nắm vững những kỹ năng và chừng mực để nói chuyện cho khôn khéo, những người không giỏi ăn nói làm cách nào mới có thể nói được những lời thích hợp với đúng người và đúng thời điểm, để có thể ứng phó với những trường hợp khác nhau trong giao tiếp.\r\n\r\nNgười biết nói chuyện, ẩn sau con người họ là lòng tốt đã khắc sâu vào xương tủy, là sự tôn trọng đến từ việc đặt mình vào vị trí của người khác, là trí tuệ sâu sắc, độc đáo và lòng kiên nhẫn không ngại phiền hà. Họ chưa hẳn là những người giỏi ăn nói, nhưng mỗi khi nói đều làm người khác như được tắm trong gió xuân, vừa mở miệng là đã toát lên khí chất hơn người. \r\n\r\nNgười biết giữ miệng, bất kể trong trường hợp nào, họ đều có thể lập tức nhìn thấu cảm xúc của người khác, quan tâm đến cảm giác của đối phương, nói năng có chừng mực, làm gì cũng chừa lại đường lui cho mình và người khác. Vừa mở miệng là có thể làm yên lòng người khác, tự nhiên đi tới đâu cũng sẽ được chào đón.\r\n\r\nBiết giữ im lặng thì cuộc sống sẽ dễ chịu hơn, học cách giữ miệng thì cuộc đời này sẽ không còn điều gì phải hối hận. Điều không nên nói thì không nói, điều không nên hỏi thì không hỏi, hiểu ý mà không vạch trần, nhìn thấu mà không nói ra, đó là bậc đại trí.\r\n\r\nĐôi nét về tác giả:\r\n\r\nTrương Tiếu Hằng là một tác giả đồng thời là một nhà sản xuất. Ông từng là một nhân viên bình thường, từng làm bán hàng rồi tự mở công ty, ông đã đi nhiều nơi, đọc sách, sáng tác, tìm hiểu về cuộc sống. Vốn sống phong phú, bút pháp tinh tế cùng lối viết đi thẳng vào trọng tâm luôn mang lại cho độc giả cảm giác sảng khoái khi đọc tác phẩm của ông. Một số tác phẩm của ông đã được xuất bản như “Khoa triết học Đại học Bắc Kinh”, “EQ cao chính là biết cách nói chuyện”.\r\n\r\nMã hàng	8936066694469\r\nTên Nhà Cung Cấp	1980 Books\r\nTác giả	Trương Tiếu Hằng\r\nNgười Dịch	Trần Ngọc Lâm\r\nNXB	Thanh Niên\r\nNăm XB	2022\r\nTrọng lượng (gr)	350\r\nKích Thước Bao Bì	20.5 x 13 x 2 cm\r\nSố trang	403\r\nHình thức	Bìa Mềm\r\nSản phẩm bán chạy nhất	Top 100 sản phẩm Kỹ năng sống bán chạy của tháng\r\nGiá sản phẩm trên Fahasa.com đã bao gồm thuế theo luật hiện hành. Bên cạnh đó, tuỳ vào loại sản phẩm, hình thức và địa chỉ giao hàng mà có thể phát sinh thêm chi phí khác như Phụ phí đóng gói, phí vận chuyển, phụ phí hàng cồng kềnh,...\r\nChính sách khuyến mãi trên Fahasa.com không áp dụng cho Hệ thống Nhà sách Fahasa trên toàn quốc\r\nTuân Tử nói: “Nói năng hợp lý, đó gọi là hiểu biết; im lặng đúng lúc, đó cũng là hiểu biết”. Ngôn ngữ là thứ có thể thể hiện rõ nhất mức độ tu dưỡng của một người, nói năng hợp lý là một loại trí tuệ, mà im lặng đúng lúc cũng là một loại trí tuệ. Nếu một người không biết giữ miệng, nói mà không suy nghĩ, nghĩ gì nói nấy, tất nhiên rất dễ khiến người khác chán ghét.\r\n\r\nNội dung quyển sách này xoay quanh hai vấn đề đó là “biết cách nói chuyện” và “biết giữ miệng”, thông qua 12 chương sách nói rõ cách nói chuyện với những người khác nhau, cách nói chuyện trong những trường hợp khác nhau, làm thế nào để nắm vững những kỹ năng và chừng mực để nói chuyện cho khôn khéo, những người không giỏi ăn nói làm cách nào mới có thể nói được những lời thích hợp với đúng người và đúng thời điểm, để có thể ứng phó với những trường hợp khác nhau trong giao tiếp.\r\n\r\nNgười biết nói chuyện, ẩn sau con người họ là lòng tốt đã khắc sâu vào xương tủy, là sự tôn trọng đến từ việc đặt mình vào vị trí của người khác, là trí tuệ sâu sắc, độc đáo và lòng kiên nhẫn không ngại phiền hà. Họ chưa hẳn là những người giỏi ăn nói, nhưng mỗi khi nói đều làm người khác như được tắm trong gió xuân, vừa mở miệng là đã toát lên khí chất hơn người. \r\n\r\nNgười biết giữ miệng, bất kể trong trường hợp nào, họ đều có thể lập tức nhìn thấu cảm xúc của người khác, quan tâm đến cảm giác của đối phương, nói năng có chừng mực, làm gì cũng chừa lại đường lui cho mình và người khác. Vừa mở miệng là có thể làm yên lòng người khác, tự nhiên đi tới đâu cũng sẽ được chào đón.\r\n\r\nBiết giữ im lặng thì cuộc sống sẽ dễ chịu hơn, học cách giữ miệng thì cuộc đời này sẽ không còn điều gì phải hối hận. Điều không nên nói thì không nói, điều không nên hỏi thì không hỏi, hiểu ý mà không vạch trần, nhìn thấu mà không nói ra, đó là bậc đại trí.\r\n\r\nĐôi nét về tác giả:\r\n\r\nTrương Tiếu Hằng là một tác giả đồng thời là một nhà sản xuất. Ông từng là một nhân viên bình thường, từng làm bán hàng rồi tự mở công ty, ông đã đi nhiều nơi, đọc sách, sáng tác, tìm hiểu về cuộc sống. Vốn sống phong phú, bút pháp tinh tế cùng lối viết đi thẳng vào trọng tâm luôn mang lại cho độc giả cảm giác sảng khoái khi đọc tác phẩm của ông. Một số tác phẩm của ông đã được xuất bản như “Khoa triết học Đại học Bắc Kinh”, “EQ cao chính là biết cách nói chuyện”.', '2023_03_21_16_54_59_1-390x510.jpg', 7, 1),
(47, '0044', '38 Lá Thư Rockefeller Gửi Cho Con Trai', 99540, 0, '                                                     Nội dung cuốn sách chứa đầy đủ những thái độ và chân lý hiểu biết của Rockefeller về công việc, những bí quyết thành công mà ông muốn truyền lại cho con trai mình. Rockefeller hiểu rất rõ tiền bạc đơn thuần không thể cam đoan hy vọng cho những lớp con cháu kề cận, mà chính là nhân cách hoàn thiện, trái tim mạnh mẽ và thói quen sống tốt. Mỗi một câu nói ra đều rất quý giá và đáng để mọi người cùng suy ngẫm, đồng thời cũng là di sản tinh thần quý báu mà vị tỷ phú bậc nhất này để lại cho con cháu của mình, mong rằng chúng cũng có thể giúp chúng ta đột phá tư duy và nhận thức, nhìn rõ bản chất của cuộc sống.', '8935246938126.jpg', 7, 1),
(48, '0045', 'Atomic Habits - Thay Đổi Tí Hon Hiệu Quả Bất Ngờ (Tái Bản 2023)', 132300, 0, '                            • Wall Street Journal Bestseller, USA Today Bestseller, Publisher’s Weekly Bestseller\r\n\r\n• Nằm trong Top 20 tựa sách thể loại non-fiction bán chạy và được tìm đọc nhiều nhất của Amazon suốt 40 tuần tính đến tháng 9/2019\r\n\r\nMột thay đổi tí hon có thể biến đổi cuộc đời bạn không?\r\n\r\nHẳn là khó đồng ý với điều đó. Nhưng nếu bạn thay đổi thêm một chút? Một chút nữa? Rồi thêm một chút nữa? Đến một lúc nào đó, bạn phải công nhận rằng cuộc sống của mình đã chuyển biến nhờ vào một thay đổi nhỏ…\r\n\r\nVà đó chính là sức mạnh của thói quen nguyên tử.\r\n\r\nTác giả:\r\n\r\nJames Clear là tác giả người Mỹ, nhiếp ảnh gia, nhà khởi nghiệp, và là người sáng tạo The Habits Academy.\r\n\r\nAnh nghiên cứu về những thói quen, việc đưa ra quyết định và sự cải tiến liên tục. Trang jamesclear.com có hàng triệu lượt truy cập mỗi tháng.\r\n\r\nBài viết của James Clear được đăng trên New York Times, Entrepreneur, Time… Anh cũng là diễn giả thường xuyên tại các công ty nằm trong bảng xếp hạng Fortune 500.\r\n\r\nMã hàng	8932000133766\r\nTên Nhà Cung Cấp	Cty Bán Lẻ Phương Nam\r\nTác giả	James Clear\r\nNgười Dịch	Vũ Phi Yên, Trần Quỳnh Như\r\nNXB	Thế Giới\r\nNăm XB	2022\r\nTrọng lượng (gr)	427\r\nKích Thước Bao Bì	20.5 x 14.5 x 1.8 cm\r\nSố trang	385\r\nHình thức	Bìa Mềm\r\nSản phẩm bán chạy nhất	Top 100 sản phẩm Kỹ năng sống bán chạy của tháng\r\nGiá sản phẩm trên Fahasa.com đã bao gồm thuế theo luật hiện hành. Bên cạnh đó, tuỳ vào loại sản phẩm, hình thức và địa chỉ giao hàng mà có thể phát sinh thêm chi phí khác như Phụ phí đóng gói, phí vận chuyển, phụ phí hàng cồng kềnh,...\r\nChính sách khuyến mãi trên Fahasa.com không áp dụng cho Hệ thống Nhà sách Fahasa trên toàn quốc\r\nAtomic Habits - Thay Đổi Tí Hon Hiệu Quả Bất Ngờ (Tái Bản 2023)\r\n\r\n• Wall Street Journal Bestseller, USA Today Bestseller, Publisher’s Weekly Bestseller\r\n\r\n• Nằm trong Top 20 tựa sách thể loại non-fiction bán chạy và được tìm đọc nhiều nhất của Amazon suốt 40 tuần tính đến tháng 9/2019\r\n\r\nMột thay đổi tí hon có thể biến đổi cuộc đời bạn không?\r\n\r\nHẳn là khó đồng ý với điều đó. Nhưng nếu bạn thay đổi thêm một chút? Một chút nữa? Rồi thêm một chút nữa? Đến một lúc nào đó, bạn phải công nhận rằng cuộc sống của mình đã chuyển biến nhờ vào một thay đổi nhỏ…\r\n\r\nVà đó chính là sức mạnh của thói quen nguyên tử.\r\n\r\nTác giả:\r\n\r\nJames Clear là tác giả người Mỹ, nhiếp ảnh gia, nhà khởi nghiệp, và là người sáng tạo The Habits Academy.\r\n\r\nAnh nghiên cứu về những thói quen, việc đưa ra quyết định và sự cải tiến liên tục. Trang jamesclear.com có hàng triệu lượt truy cập mỗi tháng.\r\n\r\nBài viết của James Clear được đăng trên New York Times, Entrepreneur, Time… Anh cũng là diễn giả thường xuyên tại các công ty nằm trong bảng xếp hạng Fortune 500.', '2023_04_18_14_07_38_1-390x510.jpg', 7, 1),
(49, '0046', 'Đắc Nhân Tâm (Tái Bản 2021)', 60200, 0, 'Đắc nhân tâm của Dale Carnegie là quyển sách của mọi thời đại và một hiện tượng đáng kinh ngạc trong ngành xuất bản Hoa Kỳ. Trong suốt nhiều thập kỷ tiếp theo và cho đến tận bây giờ, tác phẩm này vẫn chiếm vị trí số một trong danh mục sách bán chạy nhất và trở thành một sự kiện có một không hai trong lịch sử ngành xuất bản thế giới và được đánh giá là một quyển sách có tầm ảnh hưởng nhất mọi thời đại.\r\n\r\nĐây là cuốn sách độc nhất về thể loại self-help sở hữu một lượng lớn người hâm mộ. Ngoài ra cuốn sách có doanh số bán ra cao nhất được tờ báo The New York Times bình chọn trong nhiều năm. Cuốn sách này không còn là một tác phẩm về nghệ thuật đơn thuần nữa mà là một bước thay đổi lớn trong cuộc sống của mỗi người.\r\n\r\nNhờ có tầm hiểu biết rộng rãi và khả năng ‘ứng xử một cách nghệ thuật trong giao  tiếp’ – Dale Carnegie đã viết ra một quyển sách với góc nhìn độc đáo và mới mẻ trong giao tiếp hàng ngày một cách vô cùng thú vị – Thông qua những mẫu truyện rời rạc nhưng lại đầy lý lẽ thuyết phục. Từ đó tìm ra những kinh nghiệm để đúc kết ra những nguyên tắc vô cùng ‘ngược ngạo’, nhưng cũng rất logic dưới cái nhìn vừa sâu sắc, vừa thực tế.\r\n\r\nHơn thế nữa, Đắc Nhân Tâm còn đưa ra những nghịch lý mà từ lâu con người ta đã hiểu lầm về phương hướng giao tiếp trong mạng lưới xã hội, thì ra, người giao tiếp thông minh không phải là người có thể phát biểu ra những lời hay nhất, mà là những người học được cách mỉm cười, luôn biết cách lắng nghe, và khích lệ câu chuyện của người khác.\r\n\r\nCuốn sách Đắc Nhân Tâm được chia ra làm 4 nội dung chính và mỗi phần cũng là một bài học về cuộc sống.\r\n\r\nPhần 1: Nghệ thuật ứng xử cơ bản\r\n\r\n- Không nên trách móc và than phiền, thù oán\r\n\r\n- Muốn lấy được mật ong thì không nên phá tổ\r\n\r\n- Trách móc một người nào đó là một việc dễ dàng. Thay vào đó, bạn hãy ngó lơ sự phán xét đó mà rộng lượng. Đồng thời tha thứ cho người đó và bỏ qua hết mọi chuyện thì mới đáng được tự hào.\r\n\r\n- Biết khen ngợi và nhận được ơn nghĩa của người khác mới là bí mật lớn nhất về phép cư xử.\r\n\r\n- Bạn cần phải biết khen ngợi và biết ơn người khác một cách thành thật nhất, chính là chìa khóa tạo nên tình nhân ái.\r\n\r\nPhần 2:\r\n\r\n- Bạn nên thật lòng quan tâm đến người khác\r\n\r\n- Mỉm cười đó là cách để tạo ấn tượng tốt nhất\r\n\r\n- Hay ghi nhớ lấy tên của người bạn đã và đang giao tiếp với bạn\r\n\r\n- Bạn nên lắng nghe và khuyến khích người khác để trở thành người có khả năng giao tiếp cao\r\n\r\n- Hãy nói về cái mà người khác để ý sẽ thu hút được người đó\r\n\r\nPhần 3: Cách hướng người khác làm theo suy nghĩ của mình\r\n\r\n- Không được để ra tranh cãi và cách giải quyết tốt nhất đó là không nên để nó xảy ra\r\n\r\n- Tôn trọng ý kiến của mọi người, không bao giờ được nói người khác sai\r\n\r\n- Thừa nhận được sai làm của mình, nếu phạm phải thì bạn cần phải thừa nhận điều đó\r\n\r\n- Bạn cần phải hỏi những câu hỏi cần thiết để họ trả lời bạn bằng tiếng vâng ngay lập tức\r\n\r\n- Khi nói chuyện bạn hãy để cho đối phương cảm nhận được họ làm chủ trong câu chuyện\r\n\r\n- Để nhận được sự hợp tác thì bạn cần phải để họ nghĩ họ là người đưa ra ý tưởng\r\n\r\n- Bạn cần phải đặt mình vào hoàn cảnh của họ để có thể hiểu hết về bản thân của họ\r\n\r\n- Bạn hãy đồng cảm với mong muốn của mọi người\r\n\r\n- Trong cuộc sống bạn hãy gợi lên sự cao thượng\r\n\r\n- Thân thiện trong giao tiếp đó chính là sử dụng mật ngọt để bắt đầu được câu chuyện\r\n\r\n- Bạn nên trình bày một cách rõ ràng và sinh động nhất\r\n\r\n- Trong cuộc sống bạn cần phải vượt lên được thử thách\r\n\r\n- Trước khi phê bình người khác bạn hãy khen ngợi người đó\r\n\r\n- Khi phê bình bạn nên phê bình một cách gián tiếp\r\n\r\n- Bạn nên khen ngợi người khác để có được một cuộc sống xứng đáng\r\n\r\n- Bạn nên mở đường cho người khác để khắc phục sai lầm\r\n\r\n- Bạn nên tôn vinh người khác khi nói chuyện\r\n\r\n- Trước khi phê bình người khác thì bạn nên nhìn nhận lại bản thân của mình\r\n\r\n- Thay vì ra lệnh cho người khác thì bạn hãy gợi ý cho họ\r\n\r\n- Trong mọi chuyện bạn nên giữ thể diện cho người khác\r\n\r\n- Bạn cần phải lưu ý những mối quan hệ của mình\r\n\r\nPhần 4: Chuyển hóa được con người và không tạo lên sự oán hận và chống đối\r\n\r\nBáo chí nhắc gì về “Đắc Nhân Tâm”\r\n\r\n“Nói đến sách nghệ thuật ứng xử thì không thể không nhắc đến \"Đắc nhân tâm\" của Dale Carnegie. Đây là một trong những cuốn sách gối đầu của nhiều thế hệ đi trước và ngày nay. Với chặng đường hơn 80 năm kể từ khi lần đầu được xuất bản, \"Đắc nhân tâm\" đã mang đến cho chúng ta bài học vô cùng giá trị đó là nghệ thuật ứng xử để được lòng người. \"Đắc nhân tâm\" là quyển sách nổi tiếng và bán chạy nhất và có mặt ở hàng trăm quốc gia khác nhau, và hơn thế nữa đây còn là quyển sách liên tục đứng đầu danh mục sách bán chạy nhất do thời báo NewYork Times bình chọn trọng suốt 10 năm liền.” – Cafebiz.vn, 3 cuốn sách nên đọc đi đọc lại trong đời để ngẫm về cuộc sống\r\n\r\n“Đắc Nhân Tâm – của tác giả Dale Carnegie là quyển sách nổi tiếng nhất, bán chạy nhất và có tầm ảnh hưởng nhất của mọi thời đại. Tác phẩm đã được chuyển ngữ sang hầu hết các thứ tiếng trên thế giới và có mặt ở hàng trăm quốc gia. Một khám phá rất thú vị dành cho các bậc phụ huynh khi đọc cuốn sách này là biết cách lắng nghe trò chuyện cùng con, cách trị chứng tè dầm của trẻ nhỏ, hay cách làm cho một đứa trẻ từ quậy phá thành ngoan ngoãn… Đó hẳn là những câu chuyện nuôi dạy trẻ rất đúng, rất hay, rất đời thường đáng để bạn đọc suy ngẫm và chiêm nghiệm”. – Motthegioi.vn, Đắc nhân tâm: ‘Cha đã quên’ nhắc những điều nên nhớ\r\n\r\n“Đắc Nhân Tâm” đưa ra những lời khuyên về cách cư xử, ứng xử và giao tiếp với mọi người để đạt được thành công trong cuộc sống. Đây được coi là một trong những cuốn sách nổi tiếng nhất, bán chạy nhất và có tầm ảnh hưởng nhất mọi thời đại mà bạn không nên bỏ qua.” – Cafef.vn, 20 câu nói vàng đáng nhớ từ tuyệt tác để đời “Đắc Nhân Tâm”\r\n\r\nVề tác giả\r\n\r\nDale Breckenridge Carnegie (24 tháng 11 năm 1888 – 1 tháng 11 năm 1955) là một nhà văn và nhà thuyết trình Mỹ và là người phát triển các lớp tự giáo dục, nghệ thuật bán hàng, huấn luyện đoàn thể, nói trước công chúng và các kỹ năng giao tiếp giữa mọi người. Ra đời trong cảnh nghèo đói tại một trang trại ở Missouri, ông là tác giả cuốn Đắc Nhân Tâm, được xuất bản lần đầu năm 1936, một cuốn sách thuộc hàng bán chạy nhất và được biết đến nhiều nhất cho đến tận ngày nay. Ông cũng viết một cuốn tiểu sử Abraham Lincoln, với tựa đề Lincoln con người chưa biết, và nhiều cuốn sách khác.\r\n\r\nCarnegie là một trong những người đầu tiên đề xuất cái ngày nay được gọi là đảm đương trách nhiệm, dù nó chỉ được đề cập tỉ mỉ trong tác phẩm viết của ông. Một trong những ý tưởng chủ chốt trong những cuốn sách của ông là có thể thay đổi thái độ của người khác khi thay đổi sự đối xử của ta với họ.\r\n\r\nMã hàng	8935086854754\r\nTên Nhà Cung Cấp	FIRST NEWS\r\nTác giả	Dale Carnegie\r\nNgười Dịch	Nguyễn Văn Phước\r\nNXB	NXB Tổng Hợp TPHCM\r\nNăm XB	2021\r\nNgôn Ngữ	Tiếng Việt\r\nTrọng lượng (gr)	350\r\nKích Thước Bao Bì	20.5 x 14.5 cm x 1.9\r\nSố trang	320\r\nHình thức	Bìa Mềm\r\nSản phẩm hiển thị trong	\r\nTủ Sách Tâm Lý Kỹ Năng\r\nSản phẩm bán chạy nhất	Top 100 sản phẩm Rèn luyện nhân cách bán chạy của tháng\r\nGiá sản phẩm trên Fahasa.com đã bao gồm thuế theo luật hiện hành. Bên cạnh đó, tuỳ vào loại sản phẩm, hình thức và địa chỉ giao hàng mà có thể phát sinh thêm chi phí khác như Phụ phí đóng gói, phí vận chuyển, phụ phí hàng cồng kềnh,...\r\nChính sách khuyến mãi trên Fahasa.com không áp dụng cho Hệ thống Nhà sách Fahasa trên toàn quốc\r\nĐắc nhân tâm của Dale Carnegie là quyển sách của mọi thời đại và một hiện tượng đáng kinh ngạc trong ngành xuất bản Hoa Kỳ. Trong suốt nhiều thập kỷ tiếp theo và cho đến tận bây giờ, tác phẩm này vẫn chiếm vị trí số một trong danh mục sách bán chạy nhất và trở thành một sự kiện có một không hai trong lịch sử ngành xuất bản thế giới và được đánh giá là một quyển sách có tầm ảnh hưởng nhất mọi thời đại.\r\n\r\nĐây là cuốn sách độc nhất về thể loại self-help sở hữu một lượng lớn người hâm mộ. Ngoài ra cuốn sách có doanh số bán ra cao nhất được tờ báo The New York Times bình chọn trong nhiều năm. Cuốn sách này không còn là một tác phẩm về nghệ thuật đơn thuần nữa mà là một bước thay đổi lớn trong cuộc sống của mỗi người.\r\n\r\nNhờ có tầm hiểu biết rộng rãi và khả năng ‘ứng xử một cách nghệ thuật trong giao  tiếp’ – Dale Carnegie đã viết ra một quyển sách với góc nhìn độc đáo và mới mẻ trong giao tiếp hàng ngày một cách vô cùng thú vị – Thông qua những mẫu truyện rời rạc nhưng lại đầy lý lẽ thuyết phục. Từ đó tìm ra những kinh nghiệm để đúc kết ra những nguyên tắc vô cùng ‘ngược ngạo’, nhưng cũng rất logic dưới cái nhìn vừa sâu sắc, vừa thực tế.\r\n\r\nHơn thế nữa, Đắc Nhân Tâm còn đưa ra những nghịch lý mà từ lâu con người ta đã hiểu lầm về phương hướng giao tiếp trong mạng lưới xã hội, thì ra, người giao tiếp thông minh không phải là người có thể phát biểu ra những lời hay nhất, mà là những người học được cách mỉm cười, luôn biết cách lắng nghe, và khích lệ câu chuyện của người khác.\r\n\r\nCuốn sách Đắc Nhân Tâm được chia ra làm 4 nội dung chính và mỗi phần cũng là một bài học về cuộc sống.', 'dntttttuntitled.png', 7, 1),
(50, '0047', '7 Thói Quen Hiệu Quả - The 7 Habits Of Highly Effective People (Bìa Cứng) (2022)', 175000, 0, '“7 Habits” không chỉ là tên của một tác phẩm kinh điển về quản trị, tên của một chương trình đào tạo danh tiếng toàn cầu, mà còn là tên của một nền văn hóa mới, một cách sống mới, nền văn hóa, một cách sống mà bất cứ cá nhân, tổ chức hay xã hội nào cũng cần và muốn có, đó là “văn hóa hiệu quả” hay “cách sống hiệu quả”.\r\nNói cách khác, với “văn hóa 7 Habits”, nhà lãnh đạo sẽ lãnh đạo một cách hiệu quả hơn, nhân viên sẽ làm việc hiệu quả hơn và ai áp dụng cũng sẽ sống một cách hiệu quả hơn.\" - GIẢN TƯ TRUNG (Tác giả cuốn sách “Đúng Việc - Một góc nhìn về câu chuyện khai minh”)\r\n\r\nCuốn sách “7 Thói Quen Hiệu Quả” của tác giả Stephen R. Covey đã được dịch ra hơn 40 ngôn ngữ, với 30 triệu bản in và 1 triệu bản audio, trở thành cuốn sách quản trị (quản trị bản thân và quản trị tổ chức) vốn được đánh giá là cuốn sách về quản trị có ảnh hưởng bậc nhất Thế kỷ 20 và là một trong 10 cuốn sách quản trị có ảnh hưởng nhất mọi thời đại.\r\n\r\nTác giả Stephen R. Covey là một chuyên gia hàng đầu thế giới về lĩnh vực phát triển lãnh đạo và kiến tạo văn hóa, đồng thời ông còn là một nhà giáo dục, một chuyên gia tư vấn phát triển tổ chức, và là một tác giả viết sách. Ông gần như đã dành cả cuộc đời mình để nghiên cứu về tính hiệu quả của con người, để đi tìm câu trả lời cho ba câu hỏi lớn lao, đó là: Vì sao con người ta trở nên ít hiệu quả?; Điều gì làm cho con người ta trở nên hiệu quả cao?; và Điều gì tạo nên hiệu quả bền vững? và 7 Habits chính là sự đúc kết sự nghiệp nghiên cứu cả đời của ông cho ba câu hỏi mang tính “muôn đời” đó.\r\n\r\nMơ ước của hầu hết mọi người trong đời là trở thành một con người thành công và hạnh phúc bằng chính tài năng và đạo đức của mình. Ở bình diện tổ chức hay các quốc gia cũng vậy. Một tổ chức hay quốc gia càng có nhiều người hướng đến thành công bằng tài năng và đạo đức, tổ chức hay quốc gia đó càng có cơ hội phát triển thịnh vượng và văn minh. Tài năng và đạo đức đã trở thành những phẩm chất được tìm kiếm và tôn vinh hàng đầu trong mọi xã hội và mọi thời đại, và chúng có một mối liên quan chặt chẽ với hiệu quả và hiệu quả bền vững. Cần có tài năng thì mới tạo ra được hiệu quả, cần có đạo đức thì mới tạo ra được hiệu quả bền vững. Và ngược lại, không ai có thể được xem là tài năng nếu không tạo ra hiệu quả, cũng như không ai có thể được coi là có đạo đức nếu như việc tạo ra hiệu quả đó chỉ là nhất thời chứ không mang tính bền vững, bởi lẽ, để tạo ra hiệu quả bền vững thì luôn phải dựa trên nền tảng đạo đức. Vì thế, câu trả lời về “hiệu quả” cũng chính là “lời đáp” cho câu chuyện về tài năng và đạo đức mà nhiều người tìm kiếm, mà lại là một “lời đáp” được đúc kết bằng việc chuyển hóa một hệ thống giá trị ở bên trong để hình thành bản tính thành công bền vững của con người, chứ hoàn toàn không phải là những chiêu trò hay thủ thuật ở bên ngoài.\r\n\r\nStephen Covey từng nói rằng, ông không phát minh hay tạo ra mà được đưa ra dựa trên những giá trị phổ quát và những nguyên tắc trường tồn của nhân loại. Chính trong thái độ khiêm nhường đó, ta nhận ra tầm vóc của ông. Vì ông đã tạo ra một cầu nối giữa chúng ta với những tri thức tinh hoa của nhân loại về làm người, về giá trị sống, và nhất là về tính hiệu quả. Thường những tri thức này không phải là thứ dễ tiếp cận, dễ tiếp thu với đại chúng, nhưng bằng việc sắp xếp và tổng hợp chúng trong một hình hài có tính hệ thống và tính ứng dụng cao, ông đã góp phần đưa những tinh hoa tri thức đó đến với công chúng dễ dàng hơn. Và cũng bởi được xây dựng dựa trên những gì phổ quát và trường tồn nên “7 Habits” mới trở thành một nền văn hóa vượt không gian, vượt thời gian, dành cho tất cả mọi người, mọi tổ chức và mọi xứ sở. Bất kỳ ai cài đặt nền văn hóa “7 habits” này vào và sống hàng ngày với nền văn hóa đó, thì dù là một tổng thống, một doanh nhân, một quản lý hay một đầu bếp, một nhân viên cũng sẽ trở nên hiệu quả hơn hẳn.\r\n\r\nĐây là phiên bản kỷ niệm 30 năm của cuốn sách “7 Thói quen hiệu quả” - Stephen R. Covey (cha), được Sean Covey (con) bổ sung nhiều câu chuyện thực tế, kinh nghiệm và hiểu biết sâu sắc của mình giúp bạn đọc hiểu thêm và áp dụng những nguyên lý tốt hơn. - Sean Covey\r\n\r\nChủ tịch FranklinCovey Education và là đồng sáng lập và chủ tịch Quỹ Bridle Up Hope. Là một diễn giả nổi tiếng, Sean đã diễn thuyết với khán giả trên khắp thế giới và xuất hiện trên nhiều chương trình phát thanh, truyền hình và báo chí. Có bằng MBA tại Đại học Harvard, Sean cũng là tác giả và đồng tác giả của nhiều cuốn sách bán chạy nhất theo bình chọn của tờ New York Times, bao gồm “The 4 Disciplines of Execution”, “The 6 Most Important Decisions You’ll Ever Make”, “The Leader in Me”, v.v. Đặc biệt, cuốn sách “7 Thói Quen Của Tuổi Teen Hiệu Quả” đã được bán hơn 8 triệu bản trên toàn cầu. Hiện Sean sống cùng gia đình tại Rocky Mountains.\r\n\r\nMã hàng	8935280400733\r\nTên Nhà Cung Cấp	Viện Quản lý PACE\r\nTác giả	Stephen R Covey\r\nNgười Dịch	Nhiều Người Dịch\r\nNXB	Tổng Hợp TPHCM\r\nNăm XB	2022\r\nTrọng lượng (gr)	825\r\nKích Thước Bao Bì	23 x 15 x 3 cm\r\nSố trang	531\r\nHình thức	Bìa Mềm\r\nSản phẩm hiển thị trong	\r\nViện Quản lý PACE\r\nSản phẩm bán chạy nhất	Top 100 sản phẩm Kỹ năng sống bán chạy của tháng\r\nGiá sản phẩm trên Fahasa.com đã bao gồm thuế theo luật hiện hành. Bên cạnh đó, tuỳ vào loại sản phẩm, hình thức và địa chỉ giao hàng mà có thể phát sinh thêm chi phí khác như Phụ phí đóng gói, phí vận chuyển, phụ phí hàng cồng kềnh,...\r\nChính sách khuyến mãi trên Fahasa.com không áp dụng cho Hệ thống Nhà sách Fahasa trên toàn quốc\r\n7 Thói Quen Hiệu Quả - The 7 Habits Of Highly Effective People (Bìa Cứng) (2022)\r\n\r\n“7 Habits” không chỉ là tên của một tác phẩm kinh điển về quản trị, tên của một chương trình đào tạo danh tiếng toàn cầu, mà còn là tên của một nền văn hóa mới, một cách sống mới, nền văn hóa, một cách sống mà bất cứ cá nhân, tổ chức hay xã hội nào cũng cần và muốn có, đó là “văn hóa hiệu quả” hay “cách sống hiệu quả”.\r\nNói cách khác, với “văn hóa 7 Habits”, nhà lãnh đạo sẽ lãnh đạo một cách hiệu quả hơn, nhân viên sẽ làm việc hiệu quả hơn và ai áp dụng cũng sẽ sống một cách hiệu quả hơn.\" - GIẢN TƯ TRUNG (Tác giả cuốn sách “Đúng Việc - Một góc nhìn về câu chuyện khai minh”)\r\n\r\nCuốn sách “7 Thói Quen Hiệu Quả” của tác giả Stephen R. Covey đã được dịch ra hơn 40 ngôn ngữ, với 30 triệu bản in và 1 triệu bản audio, trở thành cuốn sách quản trị (quản trị bản thân và quản trị tổ chức) vốn được đánh giá là cuốn sách về quản trị có ảnh hưởng bậc nhất Thế kỷ 20 và là một trong 10 cuốn sách quản trị có ảnh hưởng nhất mọi thời đại.\r\n\r\nTác giả Stephen R. Covey là một chuyên gia hàng đầu thế giới về lĩnh vực phát triển lãnh đạo và kiến tạo văn hóa, đồng thời ông còn là một nhà giáo dục, một chuyên gia tư vấn phát triển tổ chức, và là một tác giả viết sách. Ông gần như đã dành cả cuộc đời mình để nghiên cứu về tính hiệu quả của con người, để đi tìm câu trả lời cho ba câu hỏi lớn lao, đó là: Vì sao con người ta trở nên ít hiệu quả?; Điều gì làm cho con người ta trở nên hiệu quả cao?; và Điều gì tạo nên hiệu quả bền vững? và 7 Habits chính là sự đúc kết sự nghiệp nghiên cứu cả đời của ông cho ba câu hỏi mang tính “muôn đời” đó.', '2022_07_30_10_28_55_1-390x510.jpg', 7, 1),
(51, '0048', 'Yêu Mình Đủ, Bạn Có Cả Thế Giới', 166600, 0, 'Cuốn sách “Yêu mình đủ, bạn có cả thế giới” đã gỡ bỏ dần những nút thắt trong hành trình đi tìm hạnh phúc của mỗi người, để người đọc có thể tìm thấy niềm vui, sống hạnh phúc hơn\r\n\r\nTừng câu chữ được xuất phát từ nỗi trăn trở và biến cố của chính tác giả. Với vai trò là một nhà đào tạo, cô không muốn thêm bất kì ai phải đợi đến khi mất mát, đau khổ mới thay đổi mà hãy vì tình yêu thương dành cho bản thân để thay đổi, để tốt hơn chính mình mỗi ngày\r\n\r\nCuốn sách tập trung vào việc làm sao để có cơ thể tràn đầy năng lượng, sức khoẻ, nội tâm bình an và mở trí với phương châm “thân khoẻ, tâm an, trí sáng”.', '2023_08_15_16_52_51_1-390x510.jpg', 7, 1);
INSERT INTO `tbl_sanpham` (`id_sanpham`, `ma_sanpham`, `ten_sanpham`, `gia_sanpham`, `soluong_sanpham`, `noidung_sanpham`, `anh_sanpham`, `id_danhmuc`, `tinhtrang_sanpham`) VALUES
(52, '0049', 'The Secret - The Magic - Phép Màu - Bìa Cứng (Tái Bản 2023)', 190400, 0, 'Trải qua hơn 20 thế kỷ, hàm ý của nhiều ngôn từ giá trị đã bị thất lạc, gây ra khó hiểu và đôi khi bị hiểu sai bởi những người đọc nó. Có những vấn đề quan trọng được giải quyết ở bên trong mỗi từ ngữ, những ẩn ý phải được làm sáng tỏ – và khi bạn hiểu được ý nghĩa thực sự của ngôn từ, một thế giới hoàn toàn mới sẽ mở ra trước mắt bạn.\r\n\r\nTrong cuốn sách The Magic Phép Màu, Rhonda Byrne đã tiết lộ một kiến thức thay đổi cuộc sống về sức mạnh của lòng biết ơn ẩn chứa trong một lời dạy cổ linh thiêng được truyền dạy cách đây hơn 2000 năm. Từ đó, trong hành trình ngạc nhiên xuyên suốt 28 ngày này, Rhonda Byrne sẽ hướng dẫn bạn cách thức áp dụng kiến thức thay đổi cuộc sống này vào mọi khoảnh khắc trong cuộc sống của bạn, một hành trình thay đổi trọn vẹn ở mọi khía cạnh trong cuộc sống tràn ngập niềm vui.\r\n\r\nKhông quan trọng bạn là ai, không quan trọng bạn đang ở đâu, không quan trọng tình huống của bạn hiện tại, Phép Màu sẽ tạo ra sự thay đổi hoàn toàn cho cuộc sống của bạn.\r\n\r\nVới hình nội dung ấn tượng và lôi cuốn, \"The Magic - Phép màu\" sẽ chinh phục mọi độc giả. Gooda hy vọng cuốn sách sẽ mang đến những trải nghiệm thật tuyệt, và tự tin đây sẽ là 1 cuốn sách quý trên kệ sách của bạn!\r\n\r\nMã hàng	9786043921526\r\nNhà Cung Cấp	Công ty Cổ Phần Thiên Minh Book\r\nTác giả	Rhowa Byrne\r\nNgười Dịch	Nguyễn Phúc Quang Ngọc\r\nNXB	Thế Giới\r\nNăm XB	2023\r\nNgôn Ngữ	Tiếng Việt\r\nTrọng lượng (gr)	409\r\nKích Thước Bao Bì	21 x 14 x 2 cm\r\nSố trang	260\r\nHình thức	Bìa Cứng\r\nSản phẩm bán chạy nhất	Top 100 sản phẩm Kỹ năng sống bán chạy của tháng\r\nGiá sản phẩm trên Fahasa.com đã bao gồm thuế theo luật hiện hành. Bên cạnh đó, tuỳ vào loại sản phẩm, hình thức và địa chỉ giao hàng mà có thể phát sinh thêm chi phí khác như Phụ phí đóng gói, phí vận chuyển, phụ phí hàng cồng kềnh,...\r\nChính sách khuyến mãi trên Fahasa.com không áp dụng cho Hệ thống Nhà sách Fahasa trên toàn quốc\r\nThe Secret - The Magic - Phép Màu - Bìa Cứng\r\n\r\nTrải qua hơn 20 thế kỷ, hàm ý của nhiều ngôn từ giá trị đã bị thất lạc, gây ra khó hiểu và đôi khi bị hiểu sai bởi những người đọc nó. Có những vấn đề quan trọng được giải quyết ở bên trong mỗi từ ngữ, những ẩn ý phải được làm sáng tỏ – và khi bạn hiểu được ý nghĩa thực sự của ngôn từ, một thế giới hoàn toàn mới sẽ mở ra trước mắt bạn.\r\n\r\nTrong cuốn sách The Magic Phép Màu, Rhonda Byrne đã tiết lộ một kiến thức thay đổi cuộc sống về sức mạnh của lòng biết ơn ẩn chứa trong một lời dạy cổ linh thiêng được truyền dạy cách đây hơn 2000 năm. Từ đó, trong hành trình ngạc nhiên xuyên suốt 28 ngày này, Rhonda Byrne sẽ hướng dẫn bạn cách thức áp dụng kiến thức thay đổi cuộc sống này vào mọi khoảnh khắc trong cuộc sống của bạn, một hành trình thay đổi trọn vẹn ở mọi khía cạnh trong cuộc sống tràn ngập niềm vui.\r\n\r\nKhông quan trọng bạn là ai, không quan trọng bạn đang ở đâu, không quan trọng tình huống của bạn hiện tại, Phép Màu sẽ tạo ra sự thay đổi hoàn toàn cho cuộc sống của bạn.\r\n\r\nVới hình nội dung ấn tượng và lôi cuốn, \"The Magic - Phép màu\" sẽ chinh phục mọi độc giả. Gooda hy vọng cuốn sách sẽ mang đến những trải nghiệm thật tuyệt, và tự tin đây sẽ là 1 cuốn sách quý trên kệ sách của bạn!', '2023_06_02_16_42_46_1-390x510.jpg', 7, 1),
(53, '0050', 'Combo Sách Ngàn Mặt Trời Rực Rỡ + Cây Cam Ngọt Của Tôi (Bộ 2 Cuốn)', 176008, 0, '1. Ngàn Mặt Trời Rực Rỡ\r\n\r\nBốn thập kỷ biến động và ly tán ở Afghanistan, một lối dẫn dắt chân thực bậc thầy, câu chuyện về những số phận bị vùi dập nhưng đầy ám ảnh. Với Ngàn mặt trời rực rỡ, Khaled Hossini đã chứng minh thành công của Người đua diều không phải điều ngẫu nhiên.\r\n\r\nMariam và Laila, hai người phụ nữ, hai tuổi thơ trái ngược nhau, những biến cố khốc liệt khiến họ phải gặp nhau. Một là cô bé con rơi mà cha mình không thể công nhận, một là cô gái thượng lưu sống trong nhung lụa, cả hai cùng trở thành vợ một người đàn ông, cố gắng sinh con cho anh ta, cùng bị đánh đập tàn nhẫn. Một người vợ đã giết chết người chồng chung đó. Còn một người phải rời đất nước ra đi với người yêu và những đứa con. Số phận họ đã hòa quyện vào nhau trong thân phận đau thương, bền bỉ của người phụ nữ Afganistan trước nền chính trị hỗn loạn và tôn giáo hà khắc, làm nên một trường ca tiểu thuyết vô cùng cảm động.\r\n\r\nTạp chí Time xếp Ngàn mặt trời rực rỡ ở vị trí thứ 3 trong 10 tiểu thuyết xuất sắc nhất thế giới năm 2007.\r\n\r\n2. Cây Cam Ngọt Của Tôi\r\n\r\n“Vị chua chát của cái nghèo hòa trộn với vị ngọt ngào khi khám phá ra những điều khiến cuộc đời này đáng sống... một tác phẩm kinh điển của Brazil.” - Booklist\r\n\r\n“Một cách nhìn cuộc sống gần như hoàn chỉnh từ con mắt trẻ thơ… có sức mạnh sưởi ấm và làm tan nát cõi lòng, dù người đọc ở lứa tuổi nào.” - The National\r\n\r\nHãy làm quen với Zezé, cậu bé tinh nghịch siêu hạng đồng thời cũng đáng yêu bậc nhất, với ước mơ lớn lên trở thành nhà thơ cổ thắt nơ bướm. Chẳng phải ai cũng công nhận khoản “đáng yêu” kia đâu nhé. Bởi vì, ở cái xóm ngoại ô nghèo ấy, nỗi khắc khổ bủa vây đã che mờ mắt người ta trước trái tim thiện lương cùng trí tưởng tượng tuyệt vời của cậu bé con năm tuổi.\r\n\r\nCó hề gì đâu bao nhiêu là hắt hủi, đánh mắng, vì Zezé đã có một người bạn đặc biệt để trút nỗi lòng: cây cam ngọt nơi vườn sau. Và cả một người bạn nữa, bằng xương bằng thịt, một ngày kia xuất hiện, cho cậu bé nhạy cảm khôn sớm biết thế nào là trìu mến, thế nào là nỗi đau, và mãi mãi thay đổi cuộc đời cậu.\r\n\r\nMở đầu bằng những thanh âm trong sáng và kết thúc lắng lại trong những nốt trầm hoài niệm, Cây cam ngọt của tôi khiến ta nhận ra vẻ đẹp thực sự của cuộc sống đến từ những điều giản dị như bông hoa trắng của cái cây sau nhà, và rằng cuộc đời thật khốn khổ nếu thiếu đi lòng yêu thương và niềm trắc ẩn. Cuốn sách kinh điển này bởi thế không ngừng khiến trái tim người đọc khắp thế giới thổn thức, kể từ khi ra mắt lần đầu năm 1968 tại Brazil.\r\n\r\nTÁC GIẢ:\r\n\r\nJOSÉ MAURO DE VASCONCELOS (1920-1984) là nhà văn người Brazil. Sinh ra trong một gia đình nghèo ở ngoại ô Rio de Janeiro, lớn lên ông phải làm đủ nghề để kiếm sống. Nhưng với tài kể chuyện thiên bẩm, trí nhớ phi thường, trí tưởng tượng tuyệt vời cùng vốn sống phong phú, José cảm thấy trong mình thôi thúc phải trở thành nhà văn nên đã bắt đầu sáng tác năm 22 tuổi. Tác phẩm nổi tiếng nhất của ông là tiểu thuyết mang màu sắc tự truyện Cây cam ngọt của tôi. Cuốn sách được đưa vào chương trình tiểu học của Brazil, được bán bản quyền cho hai mươi quốc gia và chuyển thể thành phim điện ảnh. Ngoài ra, José còn rất thành công trong vai trò diễn viên điện ảnh và biên kịch.\r\n\r\n1. Ngàn Mặt Trời Rực Rỡ\r\n\r\n2. Cây Cam Ngọt Của Tôi\r\n\r\nMã hàng	combo-8935235220324-8935235228351\r\nTên Nhà Cung Cấp	Nhã Nam\r\nTác giả	José Mauro de Vasconcelos, Khaled Hosseini\r\nTrọng lượng (gr)	840\r\nKích Thước Bao Bì	20.5 x 14 cm\r\nHình thức	Bìa Mềm\r\nSản phẩm hiển thị trong	\r\nNhã Nam\r\nSản phẩm bán chạy nhất	Top 100 sản phẩm Combo Văn Học bán chạy của tháng\r\nGiá sản phẩm trên Fahasa.com đã bao gồm thuế theo luật hiện hành. Bên cạnh đó, tuỳ vào loại sản phẩm, hình thức và địa chỉ giao hàng mà có thể phát sinh thêm chi phí khác như Phụ phí đóng gói, phí vận chuyển, phụ phí hàng cồng kềnh,...\r\nChính sách khuyến mãi trên Fahasa.com không áp dụng cho Hệ thống Nhà sách Fahasa trên toàn quốc\r\nCombo Sách Ngàn Mặt Trời Rực Rỡ + Cây Cam Ngọt Của Tôi (Bộ 2 Cuốn)\r\n\r\n1. Ngàn Mặt Trời Rực Rỡ\r\n\r\nBốn thập kỷ biến động và ly tán ở Afghanistan, một lối dẫn dắt chân thực bậc thầy, câu chuyện về những số phận bị vùi dập nhưng đầy ám ảnh. Với Ngàn mặt trời rực rỡ, Khaled Hossini đã chứng minh thành công của Người đua diều không phải điều ngẫu nhiên.\r\n\r\nMariam và Laila, hai người phụ nữ, hai tuổi thơ trái ngược nhau, những biến cố khốc liệt khiến họ phải gặp nhau. Một là cô bé con rơi mà cha mình không thể công nhận, một là cô gái thượng lưu sống trong nhung lụa, cả hai cùng trở thành vợ một người đàn ông, cố gắng sinh con cho anh ta, cùng bị đánh đập tàn nhẫn. Một người vợ đã giết chết người chồng chung đó. Còn một người phải rời đất nước ra đi với người yêu và những đứa con. Số phận họ đã hòa quyện vào nhau trong thân phận đau thương, bền bỉ của người phụ nữ Afganistan trước nền chính trị hỗn loạn và tôn giáo hà khắc, làm nên một trường ca tiểu thuyết vô cùng cảm động.\r\n\r\nTạp chí Time xếp Ngàn mặt trời rực rỡ ở vị trí thứ 3 trong 10 tiểu thuyết xuất sắc nhất thế giới năm 2007.\r\n\r\n2. Cây Cam Ngọt Của Tôi\r\n\r\n“Vị chua chát của cái nghèo hòa trộn với vị ngọt ngào khi khám phá ra những điều khiến cuộc đời này đáng sống... một tác phẩm kinh điển của Brazil.” - Booklist\r\n\r\n“Một cách nhìn cuộc sống gần như hoàn chỉnh từ con mắt trẻ thơ… có sức mạnh sưởi ấm và làm tan nát cõi lòng, dù người đọc ở lứa tuổi nào.” - The National\r\n\r\nHãy làm quen với Zezé, cậu bé tinh nghịch siêu hạng đồng thời cũng đáng yêu bậc nhất, với ước mơ lớn lên trở thành nhà thơ cổ thắt nơ bướm. Chẳng phải ai cũng công nhận khoản “đáng yêu” kia đâu nhé. Bởi vì, ở cái xóm ngoại ô nghèo ấy, nỗi khắc khổ bủa vây đã che mờ mắt người ta trước trái tim thiện lương cùng trí tưởng tượng tuyệt vời của cậu bé con năm tuổi.\r\n\r\nCó hề gì đâu bao nhiêu là hắt hủi, đánh mắng, vì Zezé đã có một người bạn đặc biệt để trút nỗi lòng: cây cam ngọt nơi vườn sau. Và cả một người bạn nữa, bằng xương bằng thịt, một ngày kia xuất hiện, cho cậu bé nhạy cảm khôn sớm biết thế nào là trìu mến, thế nào là nỗi đau, và mãi mãi thay đổi cuộc đời cậu.', 'combo-8935235220324-8935235228351.jpg', 2, 1);

--
-- Chỉ mục cho các bảng đã đổ
--

--
-- Chỉ mục cho bảng `tbl_admin`
--
ALTER TABLE `tbl_admin`
  ADD PRIMARY KEY (`id_admin`);

--
-- Chỉ mục cho bảng `tbl_cart`
--
ALTER TABLE `tbl_cart`
  ADD PRIMARY KEY (`id_cart`);

--
-- Chỉ mục cho bảng `tbl_cart_details`
--
ALTER TABLE `tbl_cart_details`
  ADD PRIMARY KEY (`id_cart_details`);

--
-- Chỉ mục cho bảng `tbl_dangky`
--
ALTER TABLE `tbl_dangky`
  ADD PRIMARY KEY (`id_khachhang`);

--
-- Chỉ mục cho bảng `tbl_danhmuc`
--
ALTER TABLE `tbl_danhmuc`
  ADD PRIMARY KEY (`id_danhmuc`);

--
-- Chỉ mục cho bảng `tbl_sanpham`
--
ALTER TABLE `tbl_sanpham`
  ADD PRIMARY KEY (`id_sanpham`);

--
-- AUTO_INCREMENT cho các bảng đã đổ
--

--
-- AUTO_INCREMENT cho bảng `tbl_admin`
--
ALTER TABLE `tbl_admin`
  MODIFY `id_admin` int(11) NOT NULL AUTO_INCREMENT, AUTO_INCREMENT=3;

--
-- AUTO_INCREMENT cho bảng `tbl_cart`
--
ALTER TABLE `tbl_cart`
  MODIFY `id_cart` int(11) NOT NULL AUTO_INCREMENT, AUTO_INCREMENT=13;

--
-- AUTO_INCREMENT cho bảng `tbl_cart_details`
--
ALTER TABLE `tbl_cart_details`
  MODIFY `id_cart_details` int(11) NOT NULL AUTO_INCREMENT, AUTO_INCREMENT=14;

--
-- AUTO_INCREMENT cho bảng `tbl_dangky`
--
ALTER TABLE `tbl_dangky`
  MODIFY `id_khachhang` int(11) NOT NULL AUTO_INCREMENT, AUTO_INCREMENT=21;

--
-- AUTO_INCREMENT cho bảng `tbl_danhmuc`
--
ALTER TABLE `tbl_danhmuc`
  MODIFY `id_danhmuc` int(11) NOT NULL AUTO_INCREMENT, AUTO_INCREMENT=8;

--
-- AUTO_INCREMENT cho bảng `tbl_sanpham`
--
ALTER TABLE `tbl_sanpham`
  MODIFY `id_sanpham` int(11) NOT NULL AUTO_INCREMENT, AUTO_INCREMENT=54;
COMMIT;

/*!40101 SET CHARACTER_SET_CLIENT=@OLD_CHARACTER_SET_CLIENT */;
/*!40101 SET CHARACTER_SET_RESULTS=@OLD_CHARACTER_SET_RESULTS */;
/*!40101 SET COLLATION_CONNECTION=@OLD_COLLATION_CONNECTION */;
